/*
Navicat MySQL Data Transfer

Source Server         : 127.0.0.1
Source Server Version : 50624
Source Host           : localhost:3306
Source Database       : wxcms

Target Server Type    : MYSQL
Target Server Version : 50624
File Encoding         : 65001

Date: 2018-09-26 17:43:33
*/

SET FOREIGN_KEY_CHECKS=0;

-- ----------------------------
-- Table structure for cms_article
-- ----------------------------
DROP TABLE IF EXISTS `cms_article`;
CREATE TABLE `cms_article` (
  `article_pk` int(20) NOT NULL AUTO_INCREMENT COMMENT '主键',
  `article_title` varchar(1000) DEFAULT NULL COMMENT '标题',
  `article_titleimg` varchar(1000) DEFAULT NULL COMMENT '标题图片',
  `article_ftitle` varchar(1000) DEFAULT NULL COMMENT '副标题',
  `article_createtime` varchar(20) DEFAULT NULL COMMENT '创建时间',
  `article_sendtime` varchar(20) DEFAULT NULL COMMENT '更新时间',
  `article_author` varchar(32) DEFAULT NULL COMMENT '作者',
  `article_source` varchar(200) DEFAULT NULL COMMENT '来源',
  `article_istop` varchar(20) DEFAULT NULL COMMENT '是否置顶',
  `article_state` varchar(20) DEFAULT NULL COMMENT '状态',
  `article_content` text COMMENT '内容',
  `article_type` varchar(100) DEFAULT NULL COMMENT '类型',
  `article_click` varchar(20) DEFAULT '0' COMMENT '点击量',
  `article_url` varchar(1000) DEFAULT NULL COMMENT '链接',
  `article_upauthor` varchar(50) DEFAULT NULL COMMENT '更新者',
  `article_uptime` varchar(20) DEFAULT NULL COMMENT '更新时间',
  `fk_channel_pk` varchar(50) DEFAULT NULL COMMENT '文章发到那些栏目下面了，该字段不用',
  PRIMARY KEY (`article_pk`)
) ENGINE=InnoDB AUTO_INCREMENT=46 DEFAULT CHARSET=utf8;

-- ----------------------------
-- Records of cms_article
-- ----------------------------
INSERT INTO `cms_article` VALUES ('2', '宣传图片1', 'http://47.104.139.43:80/uploads/images/20180325171956.jpg', null, null, '2018-03-22 16:38:40', null, null, null, null, '<p>啊发生的</p>', null, '0', null, null, null, '9,');
INSERT INTO `cms_article` VALUES ('3', '宣传图片二', 'http://47.104.139.43:80/uploads/images/20180412134740.jpg', null, null, '2018-03-25 11:26:46', null, null, null, null, null, null, '0', null, '管理员', null, '9,');
INSERT INTO `cms_article` VALUES ('4', '子母酒（牡丹）', 'http://47.104.139.43:80/uploads/images/20180412124431.jpg', null, null, '2018-03-25 11:27:36', null, null, null, null, '<p><img src=\"http://47.104.139.43:80/uploads/images/20180412124440.jpg\" title=\"20180412124440.jpg\" alt=\"\"/></p><p>品名：酒海不干子母酒（牡丹）</p><p>净含量：780ML/瓶</p>', null, '0', 'http://localhost:8080/wx-web/loginSuccess', '管理员', null, '18,');
INSERT INTO `cms_article` VALUES ('5', '125ML黑瓶', 'http://47.104.139.43:80/uploads/images/20180412130955.jpg', null, null, '2018-03-25 11:28:22', null, null, null, null, '<p><img src=\"http://47.104.139.43:80/uploads/images/20180412131002.jpg\" title=\"20180412131002.jpg\" alt=\"\"/></p><p>品名：酒海不干青稞酒（小黑）</p><p>净含量：125ML/瓶</p><p>酒精度：46%vol</p>', null, '0', 'http://localhost:8080/wx-web/loginSuccess', '管理员', null, '18,');
INSERT INTO `cms_article` VALUES ('6', '分装酒（神稞）', 'http://47.104.139.43:80/uploads/images/20180412114231.jpg', null, null, '2018-03-25 11:28:37', null, null, null, null, '<p style=\"text-align: center;\"><img src=\"http://47.104.139.43:80/uploads/images/20180412114249.jpg\" title=\"20180412114249.jpg\" alt=\"\"/></p><p>品 &nbsp; &nbsp;名：酒海不干分装酒（神稞）</p><p>规 &nbsp; &nbsp;格：1*20</p><p>净含量：2斤/袋</p><p>酒精度：42%vol</p>', null, '0', null, '管理员', null, '19,');
INSERT INTO `cms_article` VALUES ('7', '分装酒（金稞）', 'http://47.104.139.43:80/uploads/images/20180412123303.jpg', null, null, '2018-03-25 11:29:02', null, null, null, null, '<p><img src=\"http://47.104.139.43:80/uploads/images/20180412123314.jpg\" title=\"20180412123314.jpg\" alt=\"\"/></p><p>品 &nbsp; &nbsp;名：酒海不干分装酒（金稞）</p><p>净含量：2斤</p><p>酒精度：46%vol</p>', null, '0', null, '管理员', null, '19,');
INSERT INTO `cms_article` VALUES ('8', '分装酒（珍稞）', 'http://47.104.139.43:80/uploads/images/20180412123626.jpg', null, null, '2018-03-25 11:29:24', null, null, null, null, '<p><img src=\"http://47.104.139.43:80/uploads/images/20180412123639.jpg\" title=\"20180412123639.jpg\" alt=\"\"/></p><p>品名：酒海不干分装酒（珍稞）</p><p>净含量：2斤</p><p>酒精度：46%vol</p>', null, '0', 'http://localhost:8080/wx-web/loginSuccess', '管理员', null, '19,');
INSERT INTO `cms_article` VALUES ('9', '散酒系列一', 'http://47.104.139.43:80/uploads/images/20180325113000.jpg', null, null, '2018-03-25 11:29:40', null, null, null, null, null, null, '0', 'http://localhost:8080/wx-web/loginSuccess', null, null, '20,');
INSERT INTO `cms_article` VALUES ('10', '年份原浆', 'http://47.104.139.43:80/uploads/images/20180412131728.jpg', null, null, '2018-03-25 11:30:02', null, null, null, null, '<p><img src=\"http://47.104.139.43:80/uploads/images/20180412131739.jpg\" title=\"20180412131739.jpg\" alt=\"\"/></p><p>品名：酒海不干青稞酒（年份原浆）</p><p>净含量：750ML/瓶</p><p>酒精度：46%vol</p>', null, '0', null, '管理员', null, '20,');
INSERT INTO `cms_article` VALUES ('11', '散酒系列三', 'http://47.104.139.43:80/uploads/images/20180403152032.png', null, null, '2018-03-25 11:30:13', null, null, null, null, '<p><img src=\"http://47.104.139.43:80/uploads/images/20180403152132.png\" title=\"20180403152132.png\" alt=\"\"/></p>', null, '0', 'http://localhost:8080/wx-web/loginSuccess', '管理员', null, '20,');
INSERT INTO `cms_article` VALUES ('12', '企业简介', null, null, null, '2018-03-25 12:38:49', null, null, null, null, '<p style=\"line-height: 2em; text-indent: 2em; text-align: left;\">青海天路交通工程建设有限责任公司，始建于2009年01月16日，法定代表人马寿，注册资金壹亿叁仟万元。是一家具有公路工程施工总承包贰级、公路路基工程专业承包贰级、公路路面工程专业承包贰级、桥梁工程专业承包贰级、土石方工程专业承包叁级、房屋建筑工程施工总承包叁级、市政公用工程施工总承包叁级、公路交通工程专业承包交通安全设施资质、建筑装修装饰工程专业承包叁级的民营股份制企业在省、市有关部门和社会各界人士的关心和支持下，企业得到了前所未有的长足发展，成为我省交通建设行业一支高度知名的排头兵。公司现从业人员共220余人，其中有中、高级职称的工程技术和经济管理人员80余人、有职称的工程技术和经济管理人员120余人，包括一级注册建造师5人、二级注册建造师19人，人才结构已具备规模化、标准化、专业化水平。随着交通事业的发展，公路施工企业面临着越来越激烈的市场竞争，为进一步提高市场竞争力，充分发挥私营企业的自主性和灵活性的优势，公司在不断吸纳高素质人才的同时，着力增强企业硬件设施，先后购置了先进的机械设备，公司已拥有LB-3000型沥青砼拌和设备、ABG423型沥青砼摊铺机、WCB-500T稳定土拌和设备、&nbsp;GR180平地机、&nbsp;PC270-7/日本挖掘机、ZL50F-Ⅱ/国产装载机、各型号压路机及100KW以上推土机、80T以上架桥设备、50T以上吊车、扭距200KM以上的钻孔设备等一系列大型现代化机械设备及测量、试验检测设备，实现动力装备率达到10.39KW/人，公司现代化、机械化、专业化规模已经形成，并已取得了显著成效。</p><p style=\"line-height: 2em; text-indent: 2em; text-align: left;\">公司在经济、技术实力和风险预防能力等诸多方面已经达到了较高的水平。年施工产值达3亿余元。经过几年来的奋力拼搏，本着“以市场为导向，以质量求生存，以管理出效益，以效益求发展”的宗旨，抢抓机遇，承建了诸多项目工程，占稳了市场，公司的实力得到了发展和壮大。</p><p style=\"line-height: 2em; text-indent: 2em; text-align: left;\">公司始建至今，先后独立承建并完成多条公路路基、路面、桥梁、交通安全设施工程和多项房屋建筑工程及市政公用工程。其中代表工程包括互助保家至徐家公路、玉树上拉秀公路、贵南县黄沙头至泽库县芒什多公路第B合同段、二尕公路二指哈拉山至石棉矿岔口二级公路工程施工C合同段、刚察县城至祁连县油葫芦沟公路瓦颜山至江仓段公路工程施工A标段、国道214线共和至玉树段病害整治GYZZ-1标段、祁连县至青阳沟公路工程施工B标段等公路工程施工；泽库县城麦秀路道路工程、泽库县城建设北路道路工程、海晏县城富强路道路工程等市政公用工程施工项目，中石化同德县河北乡加油站、中石化循化清水加油站、中石化贵德南出口加油站、同德巴沟幼儿园、海晏县大切隆良种牦牛繁育标准化养殖场等多项房屋建筑工程施工项目。</p><p style=\"line-height: 2em; text-indent: 2em; text-align: left;\">先后与国内及省内大型企业合作参与施工建设广西乐平至钟山公路土建工程№5合同段、国省道重点施工项目共（和）至玉树（结古）公路A7标段、共（和）至玉树（结古）公路A9标段、共（和）至玉树（结古）公路B2标段、共（和）至玉树（结古）公路B6标段、青海省茶卡至格尔木公路CGSG-9标段、青海省花石峡至久治公路工程HJ-SGB4标段等多项合作项目的施工。</p><p style=\"line-height: 2em; text-indent: 2em; text-align: left;\">经过多年发展，工程施工质量、进度、施工管理、信誉等方面均得到了相关部门的一致赞誉，工程质量均达到合格以上，业主满意率高达100%。未出现任何工程质量、安全事故与合同纠纷事件，多次被国家有关部委，省、市有关部门评为“目标管理先进企业”、“重合同守信用企业”、“质量管理先进企业”等荣誉称号，在2015年11月19日取得质量管理体系认证证书、环境管理体系认证证书、职业健康安全管理体系认证证书 ，并与2015年11月23日通过省交通运输建筑施工企业二级达标等级证书。</p><p style=\"line-height: 2em; text-indent: 2em; text-align: left;\">&nbsp; &nbsp; 公司郑重承诺：秉承“质量第一、信誉至上”的思想，严格按照国家行业标准的要求，遵守国家行业法律、法规，遵循市场法则，服从行业主管部门的管理与指导，严格施工，精益求精，为交通建设事业做出更大贡献!&nbsp;发展无顶峰，追求无止境！青海天路交通工程建设有限责任公司将肩负“路通天下，诚筑未来”的企业使命和“健康经营，创新发展”的经营理念，不断提高企业现代化管理水平，以创新开拓市场，以质量占领市场，以诚信赢得市场美誉，努力创造公司更加美好的明天。</p><p><br style=\"text-indent: 2em; text-align: left;\"/></p>', null, '0', null, null, null, '10,');
INSERT INTO `cms_article` VALUES ('13', '联系方式', null, null, null, '2018-03-25 12:56:03', null, null, null, null, '<p style=\"white-space: normal; line-height: 3em;\"><span style=\"font-size: 18px;\"><strong>生产厂址：</strong>青海省海东市互助土族自治县威远镇西街48号</span></p><p style=\"white-space: normal; line-height: 3em;\"><span style=\"font-size: 18px;\"><strong>销售公司：</strong>青海省西宁市城东区七一路延伸段百力豪庭7号楼16层</span></p><p style=\"white-space: normal; line-height: 3em;\"><span style=\"font-size: 18px;\"><strong>联系电话：</strong>400-0971-670、0971-8136542</span></p><p style=\"text-align: center;\"><iframe class=\"ueditor_baidumap\" src=\"http://qhjinquan.cn/wxcms/static/plugins/ueditor/dialogs/map/show.html#center=101.818152,36.618624&zoom=17&width=530&height=340&markers=101.818152,36.618624&markerStyles=l,A\" frameborder=\"0\" width=\"534\" height=\"344\"></iframe></p>', null, '0', null, '马玉德', null, '27,');
INSERT INTO `cms_article` VALUES ('14', '资质荣誉', null, null, null, '2018-03-25 15:42:07', null, null, null, null, '<p><img src=\"http://47.104.139.43:80/uploads/images/20180403140628.jpg\" title=\"20180403140628.jpg\" alt=\"\" width=\"385\" height=\"222\" style=\"width: 385px; height: 222px;\"/></p>', null, '0', null, '管理员', null, '13,');
INSERT INTO `cms_article` VALUES ('15', '招商要求', null, null, null, '2018-03-25 15:44:21', null, null, null, null, '<p style=\"line-height: 3em;\"><span style=\"font-size: 18px;\">&nbsp;面向全国市场诚招各级区域独家代理经销商。<br/><span style=\"font-size: 20px;\"><strong>招商条件：</strong></span><br/>1、认同公司产品文化和营销理念，能够执行公司制定的各项营销方案。<br/>2、有一定的经济实力和市场开拓思维以及拓展能力。<br/>3、有一定的市场资源和人脉资源；具有良好的终端销售网络和酒类分销网络。<br/>4、有良好的商业信誉。<br/>招商政策与支持：利润空间、返利政策、搭赠政策、物料支持、方位支持、区域保护、市场支持、推广支持</span></p>', null, '0', null, null, null, '14,');
INSERT INTO `cms_article` VALUES ('16', '通知公告', null, null, null, '2018-03-25 16:02:15', null, null, null, null, '<p>通知公告</p>', null, '0', null, '马玉德', null, '12,');
INSERT INTO `cms_article` VALUES ('17', '企业动态企业动态企业动态企业动态企业动态企业动态', null, null, null, '2018-03-25 16:13:23', null, null, null, null, '<p>阿士大夫撒地方撒</p><p>阿斯顿发送到分</p>', null, '0', null, '马玉德', null, '28,');
INSERT INTO `cms_article` VALUES ('18', '酒足饭饱后需注意', null, null, null, '2018-03-25 16:16:10', null, null, null, null, '<div><strong><span style=\"font-size: 18px;\">喝酒需要特别注意以下几点：</span></strong><br/><br/>1、酒后不要立刻睡觉：<br/><br/>&nbsp;&nbsp;&nbsp;&nbsp;&nbsp;酒精是靠肝消化，立刻睡觉，人体的新陈代谢缓慢，对肝不利，容易得酒精肝。<br/><br/>&nbsp;&nbsp;&nbsp;&nbsp;&nbsp;建议酒后用冷水洗把脸，然后坐着休息一会。<br/><br/>&nbsp;&nbsp;&nbsp;&nbsp;&nbsp;饮酒过量的，更不要任其自然入睡，要是重度酒精中毒，很可能一睡不醒，这种情况下家人要陪在身边，每隔两小时叫醒醉酒者，喂一点白开水，直到完全醒酒为止。<br/><br/>2、酒后别睡电热毯：<br/><br/>&nbsp;&nbsp;&nbsp;&nbsp;&nbsp;饮酒过量时，体温调节功能失调，热量散失增多，容易使人浑身发冷。此时应该保暖，但也不要睡电热毯，尤其有高血压、冠心病等心脑血管疾病的人。<br/><br/>&nbsp;&nbsp;&nbsp;&nbsp;&nbsp;酒后血管扩张，心率、新陈代谢就会加快，血压升高，容易诱发心梗、心绞痛等疾病。若感觉冷，可用羽绒被或者是热水袋保暖，多喝一点热水，但温度不要太高，以免烫伤。<br/><br/>3、酒后不要吃醒酒药：<br/><br/>&nbsp;&nbsp;&nbsp;&nbsp;&nbsp;醒酒药只是能够暂时的帮助人们摆脱醉酒症状，但是实际上会将你的醉酒时间延长。<br/><br/>4、酒后不要吃退烧药：<br/><br/>&nbsp;&nbsp;&nbsp;&nbsp;&nbsp;酒精会和多数药品发生化学反应，并产生有毒物质。<br/><br/>&nbsp;&nbsp;&nbsp;&nbsp;&nbsp;尤其不能服用退烧药，否则其中的羟苯基乙酰胺产生有毒物质，会导致肝脏发炎，甚至永久性损伤。<br/><br/>5、酒后不要立刻洗澡：<br/><br/>&nbsp;&nbsp;&nbsp;&nbsp;&nbsp;冷水热水都不宜。<br/><br/>&nbsp;&nbsp;&nbsp;&nbsp;&nbsp;洗热水澡或者是蒸桑拿容易导致热气聚集在人体内不散发，加重醉态，导致恶性呕吐甚至晕厥。<br/><br/>&nbsp;&nbsp;&nbsp;&nbsp;&nbsp;洗冷水澡，非但不能醒酒，还会使肝脏来不及补充血液中消耗的葡萄糖，加上冷水刺激，血管收缩，可能会导致血管破裂、患感冒等。<br/><br/>6、酒后不要运动：<br/><br/>&nbsp;&nbsp;&nbsp;&nbsp;&nbsp;&nbsp;酒精具有利尿作用，醉酒后体内水分流失更多，容易发生脱水，此时再锻炼会加重脱水危险。<br/><br/>&nbsp;&nbsp;&nbsp;&nbsp;&nbsp;&nbsp;酒后游泳更危险，会使身体散热突然加快，引起低血糖性晕厥、头晕、腿部抽筋等。<br/><br/>7、酒后不要大量喝咖啡、浓茶及汽水：<br/><br/>&nbsp;&nbsp;&nbsp;&nbsp;&nbsp;在饮酒之后不宜大量的饮用咖啡或者是浓茶，这样以免导致缺水，也不要饮浓茶，因为茶会让我们的心脏过于兴奋，并且对于我们的肾脏是非常的不利的。<br/><br/>&nbsp;&nbsp;&nbsp;&nbsp;&nbsp;同时在酒后不要饮用汽水，不然会加快人体对于酒精的吸收，对于身体的肝脏器官也是非常不利的，而且严重的还会诱发急性胃炎等等。<br/><br/>8、空腹喝闷酒很容易醉倒：<br/><br/>&nbsp;&nbsp;&nbsp;&nbsp;&nbsp;&nbsp;喝浓度高的酒还会损害口腔、食道、肠胃等。<br/><br/>&nbsp;&nbsp;&nbsp;&nbsp;&nbsp;&nbsp;有人做过实验，结果表明，空腹喝酒只要30分钟，酒精的毒性就能达到高峰。<br/><br/>&nbsp;&nbsp;&nbsp;&nbsp;&nbsp;&nbsp;因为空腹喝酒的时候，胃肠中往往没有任何食物，此时肝脏内分解酒精的酶的活性很低，酒精随血液流进肝脏时不能被完全分解，而是被迅速吸收，会对肝脏造成严重损伤。<br/><br/>&nbsp;&nbsp;&nbsp;&nbsp;&nbsp;因此，喝酒前应该先吃点儿东西，喝酒的时候也可以有意识地多吃动物肝脏、牛羊肉、绿叶蔬菜或者豆制品等，提高体内维生素的含量，以保护肝脏。<br/><br/>9、喝酒时吸烟会更加伤害肝脏：<br/><br/>&nbsp;&nbsp;&nbsp;&nbsp;&nbsp;这是因为香烟中有尼古丁，尼古丁可以减弱酒精对人体的作用，相当于酒精被尼古丁“麻醉”了，这样人就会在不知不觉中增加饮酒量，进而损害肝脏。<br/><br/>&nbsp;&nbsp;&nbsp;&nbsp;&nbsp;而且在酒精的作用下，肝脏对尼古丁等的解毒能力会下降，这样更多的尼古丁等有毒物质就会留在人体中。<br/><br/>&nbsp;&nbsp;&nbsp;&nbsp;&nbsp;同时，香烟中的尼古丁等有毒物质也极易溶于水，酒精能扩张血管，加快血液循环，所以，喝酒时抽烟也加快了人体对香烟中尼古丁等有害物质的吸收。<br/><br/>&nbsp;&nbsp;&nbsp;&nbsp;&nbsp;&nbsp;因此，边喝酒边抽烟对人体危害非常大。<br/><br/>10、睡前不要大量喝酒：<br/><br/>&nbsp;&nbsp;&nbsp;&nbsp;&nbsp;有学者称，睡前饮中等数量酒精，可能出现严重的呼吸间断，危害身体健康。<br/><br/>&nbsp;&nbsp;&nbsp;&nbsp;&nbsp;如果在睡前饮酒，一般会经历睡眠呼吸暂停，这种暂停将持续10秒或更长时间，常常是不喝酒的人的两倍。<br/><br/>&nbsp;&nbsp;&nbsp;&nbsp;&nbsp;倘若呼吸暂停多次发生，可能会导致高血压，甚至心肌梗塞。<br/><br/>&nbsp;&nbsp;&nbsp;&nbsp;&nbsp;此外，专家还表示，长期睡前大量饮酒可能会导致成人突发性死亡。<br/><br/>&nbsp;&nbsp;&nbsp;&nbsp;&nbsp;&nbsp;酒就像一把“双刃剑”，小酌一杯，可以强身健体，怡情养性，喝多了对身体有很大伤害。&nbsp;</div><p><br/></p>', null, '0', null, '马玉德', null, '28,');
INSERT INTO `cms_article` VALUES ('19', '视频新闻', 'http://47.104.139.43:80/uploads/images/20180325165353.jpg', null, null, '2018-03-25 16:53:15', null, null, null, null, '<p style=\"text-align: center;\"><video autoplay=\"autoplay\" class=\"edui-upload-video  vjs-default-skin     video-js\" controls=\"\" preload=\"none\" width=\"550\" height=\"400\" src=\"http://47.104.139.43:80/uploads/videos/20180325165331.mp4\" data-setup=\"{}\"><source src=\"http://47.104.139.43:80/uploads/videos/20180325165331.mp4\" type=\"video/mp4\"/></video></p>', null, '0', null, '马玉德', null, '29,');
INSERT INTO `cms_article` VALUES ('20', '联系信息', 'http://47.104.139.43:80/uploads/images/20180402190613.png', null, null, '2018-03-25 17:03:50', null, null, null, null, '<p style=\"line-height: 3em;\"><span style=\"font-size: 18px;\"><strong>生产厂址：</strong>青海省海东市互助土族自治县威远镇西街48号</span></p><p style=\"line-height: 3em;\"><span style=\"font-size: 18px;\"><strong>销售公司：</strong>青海省西宁市城东区七一路延伸段百力豪庭7号楼16层</span></p><p style=\"line-height: 3em;\"><span style=\"font-size: 18px;\"><strong>联系电话：</strong>400-0971-670、0971-8136542</span><br/></p>', null, '0', null, '管理员', null, '26,');
INSERT INTO `cms_article` VALUES ('21', '淘宝链接', 'http://47.104.139.43:80/uploads/images/20180402191012.jpg', null, null, '2018-03-25 17:04:12', null, null, null, null, null, null, '0', null, null, null, '26,');
INSERT INTO `cms_article` VALUES ('22', '人才招聘', null, null, null, '2018-03-25 17:05:38', null, null, null, null, '<div class=\"layui-container\" style=\"margin: 0px auto; padding: 0px; -webkit-tap-highlight-color: rgba(0, 0, 0, 0); position: relative; box-sizing: border-box; width: 1170px; font-family: &quot;Helvetica Neue&quot;, Helvetica, &quot;PingFang SC&quot;, 微软雅黑, Tahoma, Arial, sans-serif; font-size: 14px; white-space: normal; background-color: rgb(242, 242, 242);\"><div class=\"fly-panel\" style=\"margin: 0px 0px 15px; padding: 0px; -webkit-tap-highlight-color: rgba(0, 0, 0, 0); border-radius: 2px; background-color: rgb(255, 255, 255); box-shadow: rgba(0, 0, 0, 0.0470588) 0px 1px 2px 0px;\"><p style=\"margin-top: 0px; margin-bottom: 0px; padding: 0px; -webkit-tap-highlight-color: rgba(0, 0, 0, 0); line-height: 3em;\"><em><strong><span style=\"font-size: 20px;\">销售人员：</span></strong></em><span style=\"font-size: 16px;\"><br/></span></p><p style=\"margin-top: 0px; margin-bottom: 0px; padding: 0px; -webkit-tap-highlight-color: rgba(0, 0, 0, 0); line-height: 3em;\"><strong><span style=\"font-size: 16px;\">招聘要求：</span></strong><span style=\"font-size: 16px;\"><br/></span></p><p style=\"margin-top: 0px; margin-bottom: 0px; padding: 0px; -webkit-tap-highlight-color: rgba(0, 0, 0, 0); line-height: 3em;\"><span style=\"font-size: 16px;\">1、年龄22—35周岁，男女不限；</span></p><p style=\"margin-top: 0px; margin-bottom: 0px; padding: 0px; -webkit-tap-highlight-color: rgba(0, 0, 0, 0); line-height: 3em;\"><span style=\"font-size: 16px;\">2、有销售工作经验；</span></p><p style=\"margin-top: 0px; margin-bottom: 0px; padding: 0px; -webkit-tap-highlight-color: rgba(0, 0, 0, 0); line-height: 3em;\"><span style=\"font-size: 16px;\">3、有较强的沟通、学习能力，善于交际；</span></p><p style=\"margin-top: 0px; margin-bottom: 0px; padding: 0px; -webkit-tap-highlight-color: rgba(0, 0, 0, 0); line-height: 3em;\"><span style=\"font-size: 16px;\">4、其他面议；</span></p></div></div>', null, '0', null, '管理员', null, '15,');
INSERT INTO `cms_article` VALUES ('23', '酒文化', 'http://47.104.139.43:80/uploads/images/20180325171622.jpg', null, null, '2018-03-25 17:15:42', null, null, null, null, '<p style=\"line-height: 3em;\"><strong><span style=\"font-size: 18px;\">形容白酒的这些口感词:</span></strong></p><p style=\"line-height: 3em;\">&nbsp; &nbsp; &nbsp; 1、“绵”，指白酒口感中厚实感。好的白酒品牌一般都不会出现很剐的感觉，且能很迅速地融入到我们消化系统，迅速扩散。</p><p style=\"line-height: 3em;\">&nbsp; &nbsp; &nbsp; 2、“净”，主要是不粘口感觉。好的白酒品牌一般都会十分爽滑，具有不粘口的特点。</p><p style=\"line-height: 3em;\">&nbsp; &nbsp; &nbsp; 3、“香”，香型对于白酒品质来说具有很重要的影响。香型一般也称为白酒企业纯度指标很重要的参数。</p><p style=\"line-height: 3em;\">&nbsp; &nbsp; &nbsp; 4、“浓”，浓体现的物质性价值与情感性价值都非常美好。</p><p style=\"line-height: 3em;\">&nbsp; &nbsp; &nbsp; 5、“爽”，与净比较相近，主要是针对白酒饮用过程中的心理感受进行引导。</p><p style=\"line-height: 3em;\">&nbsp; &nbsp; &nbsp; 6、“厚”，厚味宜人，厚味就是酒尾比较厚重，不会出现上头等情况。</p><p style=\"line-height: 3em;\">&nbsp; &nbsp; &nbsp; 7、“纯”，对于酒的粮食纯度成为判断白酒品质的一个十分重要的指标。酒纯代表了白酒原料来源的正宗与纯正。</p><p style=\"line-height: 3em;\">&nbsp; &nbsp; &nbsp; 8、“醇和”，主要是白酒喝后的入口感觉。醇和代表了白酒均匀度比较好，不会出现低档酒的分层等特征。</p><p style=\"line-height: 3em;\">&nbsp; &nbsp; &nbsp; 9、“正”，主要是描述白酒的口感比较吻合目标人群的心理需求，从而表现出比较正宗，正式的口味等。</p><p><br/></p>', null, '0', null, null, null, '24,');
INSERT INTO `cms_article` VALUES ('24', '酿造工艺', 'http://47.104.139.43:80/uploads/images/20180325171740.jpg', null, null, '2018-03-25 17:17:15', null, null, null, null, '<p style=\"line-height: 3em;\"><em><strong><span style=\"font-size: 20px;\">一、原料的选择：</span></strong></em></p><p style=\"line-height: 3em; text-indent: 2em;\">青稞酒已经有400多年久远的历史，青稞酒最主要的原料是青稞，青稞是世界上麦粒作物中β葡聚糖最高的作物，具有降血脂、降血糖、降低胆固醇的作用，青稞主要分布在我国西藏、青海、四川的甘孜州和阿坝州，云南的迪庆、甘肃的甘南等地，这些地区海拔高、气温低、日照强、远离污染，是酿酒的理想环境。</p><p style=\"line-height: 3em; text-indent: 2em;\">互助县地理环境独特、酿酒原料独特、大曲配料独特、制酒工艺独特，这里大大小小的青稞酒厂在继承传统工艺的基础上实现了规模化酿造。</p><p style=\"line-height: 3em; text-indent: 2em;\">酿酒一般在每年的3月和8月，投料2次，每次投料可以出酒3—4茬酒，第一茬酒可以达到72到75度，后几茬酒的度数逐步在降低。</p><p style=\"line-height: 3em; text-indent: 2em;\">酿造青稞酒的原料是当年收获的新鲜青稞（选择黄褐色、颗粒大而饱满、富有光泽的青稞），酿酒需要雪山溶化而成的地下水、发酵用的酒曲、起辅助作用的稻壳（酿酒之前要先制曲）。酒曲在酿酒过程中起着非常重要的作用，因为酒曲上面有大量的微生物和生物酶，可以使谷物中的淀粉糖化，转化成糖分和氨基酸，原料发酵时再与酵母汁结合，使糖分酒化，分解成乙醇及酒精。</p><p><em><span style=\"font-size: 20px;\"><strong>二、酒曲制作：</strong></span></em></p><p style=\"line-height: 3em; text-indent: 2em;\">选择在8月中旬适宜，这时的温度适合微生物的生长，做出酒曲质量更好，曲好酒就好是酿酒人常挂在嘴边的一句话，当地人习惯头年制曲来年使用，制作青海互助青稞酒酒曲大概可以分为原料混合、踩曲、曲块发酵、储藏四个步骤，制作酒曲前工人师傅们先要更换专门的工作服和工作鞋之后才能进入车间工作。</p><p style=\"line-height: 3em; text-indent: 2em;\">1、混合原料：制作酒曲的主要原料是当地出产的青稞和青豌豆，青豌豆淀粉含量高，可以提高出酒率，还有一种独特的清香味，和青稞混合在一起做成的酒曲可以使酿出的青稞酒风味更足，青稞和青豌豆的比例为6：4，经过粉碎后将这两种原料经过搅拌、混合，再加入适量的清水进行搅拌，夏秋气温高，用18—20摄氏度的清水，冬季温度低，用42摄氏度的温水，边加水边搅拌，加水量以原料的含水量达到30%为宜，如果水分太少，曲踩不实，水分太多，会影响曲的发酵质量，搅拌时间根据原料多少来定，抓起一把原料可以捏成团但又容易松散时说明加水量正合适，就可以进行下一步的踩曲了。</p><p style=\"line-height: 3em; text-indent: 2em;\">2、踩曲：将原料放入方形模具中，工人师傅换上经过消毒霉菌的工作靴，把原料踩入模具中，这叫做踩曲。踩曲时先由外向内，再由内向外反复踩曲，使原料紧实形成曲块，在当地有踩满99次的说法，意思就是说踩得越实越好，然后把模具立起来，在地上顿两下，将曲块从模具上取下来准备发酵。</p><p style=\"line-height: 3em; text-indent: 2em;\">3、酒曲发酵：曲块发酵的房间叫做曲房，曲房要求封闭严实，不能透风，曲房的大小根据曲块的数量而定，发酵时将做好的曲块一层一层摆放在室内，每层之间用细竹竿垫起来，曲块之间留有2厘米的缝隙，便于曲块间空气流通，以免出现烧曲的情况，在常温条件下进行自然发酵，发酵时间需要28天，发酵20天以后，曲房内温度自然上升到50—55摄氏度之间，再经过8天左右曲块就发酵成熟了，这时就可以将曲房的门窗户打开，让室内空气流动，曲块会慢慢变干燥，这个过程大约需要4—5个月的时间，这期间工作人员要观察曲块的状态，再坚持每天翻曲1次，直到曲块含水量低于5%为好。</p><p style=\"line-height: 3em;\">4、贮藏：干燥后的曲块可以放在通风干燥的房间里进行储存，但是曲块可以摆得比较密集，不需要留太大的缝隙，贮藏室的温度以17—20摄氏度为好，开门窗，保持曲房干燥、通风，使相对湿度低于8%，在这样的状态下可以保证酒曲不变质，可以多年使用。</p><p style=\"line-height: 3em;\"><strong><em><span style=\"font-size: 18px;\">三、青稞酒的酿制：</span></em></strong></p><p style=\"line-height: 3em; text-indent: 2em;\">酒曲制作好之后就可以进行酿酒，采用传统的工艺酿造青稞酒要经过多道工序，青海互助青稞酒从投料开始到出酒需要24—28天，酿造青稞酒的时候一般投一次料可以出4茬酒，也就是发酵四次蒸四次酒。</p><p style=\"line-height: 3em; text-indent: 2em;\">（一）、酿制头茬酒：</p><p style=\"line-height: 3em; text-indent: 2em;\">需要用到的设备有发酵的窖池、蒸馏设施、出酒器具、检验设施、运输车辆及工具。</p><p style=\"line-height: 3em;\">先将青稞投入粉碎机进行粉碎，粉碎成粒径为0.6—1.5毫米的颗粒，这样的粗度可以使青稞中的淀粉和发酵性物质可以有效的释放出来，提高出酒率。</p><p style=\"line-height: 3em;\">1、原料的湿润：</p><p style=\"line-height: 3em;\">原料要经过恰当地湿润，给原料拌入恰当的清水，夏秋季节用18—25摄氏度的清水，冬季换成36—42摄氏度的温水，使原料的含水量达到30%，让青稞变软，减少蒸料时间，湿润的原料静置6小时，当吸水效果达到就可以进行蒸料。</p><p style=\"line-height: 3em;\">2、蒸料：</p><p style=\"line-height: 3em;\">蒸料时用传统设备甑锅，它由算子、甑桶、甑盖组成，在1个大气压下，向甑锅内输入蒸汽，当锅内冒蒸汽时，撒一层厚度为1厘米的稻壳，既不会让原料从算子的空漏下去，又不会阻挡蒸汽的流通，之后再把原料一层层的撒进去，要撒松散、均匀，直到将甑桶装满，一锅能装800千克原料，蒸料时不用盖上甑盖，只在原料上面覆盖层0.5厘米厚的稻壳，就像一个透气的锅盖，既不会影响蒸料效果，又避免原料干燥，蒸煮可以使原料中的淀粉糊化，还可以杀死有害菌，一般蒸料45分钟左右，当90%的原料外表膨胀开裂，熟而不粘黏就可以了，原料蒸好之后，就可以进行扬凉降温。使原料降温，并去掉水蒸气，把原料运送到打扫干净的摊晾场地上，摊薄降温，将原料扬高抛洒，让它们松散的落在摊晾场上，接着将原料堆成堆，然后再一次抛散摊薄，这在当地叫做扬凉，扬凉能够去除原料里的水蒸气，以免因为原料过黏影响发酵，迅速冷却可以使原料达到适宜微生物生长的温度，起到吸收氧气的作用，在夏季时反复扬凉5—6次，使原料的温度降到17—19摄氏度，到了冬天，扬凉次数减少至4—5次，让原料的温度降到21—23摄氏度，如果温度合适了，还要试一下原料的含水量，以原料的含水量为40%为好，只要用手攥一下原料，如果能成团，但不黏不腻说明含水量正好，接下来将原料攒成堆。</p><p style=\"line-height: 3em;\">3、添加酒曲：</p><p style=\"line-height: 3em;\">用粉碎机将酒曲块儿粉碎成粉沫，将曲沫拌入原料中，酒曲的用量一般为酿酒原料的8—10%，为了避免原料的温度发生变化，影响发酵效果，添加酒曲的速度要快，酒曲是青稞酒酿造的催化剂，能够使原料中的淀粉加速糖化，对酒的风格、口味起着决定性的作用。酒曲在原料中搅拌均匀之后要立即将原料投入发酵池准备发酵。</p><p style=\"line-height: 3em;\">4、发酵：</p><p style=\"line-height: 3em;\">（1）、发酵池清理：发酵池由花风岩砌成，在发酵池一侧开有一个面积为0.6平方米的浅沟，上面铺木板，可以让发酵时产生的液体流走，每次发酵完成之后都要对窖池进行清理，主要是清理池壁，可以用钢刷顺着池壁得缝隙将池壁上残留的原料碎屑清理干净，以免影响下一次发酵。</p><p style=\"line-height: 3em;\">（2）、原料入窖：投入发酵池中的原料既不能压得太紧，也不能过松，一般掌握在每立方米盛装原料630—640千克左右为适合，表面用聚乙烯塑料薄膜盖住，这种塑料薄膜具有很好的保温作用，防止水分蒸发，在薄膜的四周用砖压紧，砖要一块紧挨着一块，再盖上用双层麻袋做成的苫布，周围用砖压紧，起保暖的作用。</p><p style=\"line-height: 3em;\">（3）、投料发酵：</p><p style=\"line-height: 3em;\">A、发酵池清理：面积为0.6平方米的浅沟，让发酵时产生的液体流走，要对窖池进行清理，主要是清理池壁，原料入窖，每立方米盛装原料630—640千克，表面用聚乙烯塑料薄膜盖住，在薄膜的四周用砖压紧，再盖上用双层麻袋做成的苫布。</p><p style=\"line-height: 3em;\">B、自然发酵：原料在发酵池内自然发酵，在此期间不需要人为控制温度，原料在发酵过程中自身会产生热量，并且温度会随着发酵程度发生变化。</p><p style=\"line-height: 3em;\">C、踩窖：在发酵过程中会发现窖内原料表面在不断下降，这时要进行踩窖，先开麻袋和塑料布，然后用钢刷将粘在窖池墙壁上的原料刷下来，之后再覆盖好塑料布，压上砖，再把砖踩实，窖内原料表面下降是由于原料中的淀粉不断被糖化造成的，踩窖可以使原料中的空隙缩小，加快发酵，一般在原料入窖的4—5天之后一次踩窖，之后原料表面再下降再踩窖，整个发酵期间踩窖3—5次就可以了，在夏天经过24天后原料发酵成熟了，冬天时需要发酵28天。</p><p style=\"line-height: 3em;\">D、原料出窖：原料出窖时揭开麻袋，我们会看到塑料布上有凝结的水汽，拿掉麻袋后原料呈现漂亮的金黄色，整个表面显得湿润。发酵好的原料称为酒醅，经过28天发酵以后，除了原料的颜色发生变化之外，手一捏原料以后可以产生水分，闻一下产生酒的味道，然后就可以出窖蒸酒。</p><p style=\"line-height: 3em;\">将原料用干净的铁锹将原料从发酵池内腾出来，放到专门的盛料车上，运到摊晾场，再拌入相当于原料总量20%的稻壳，稻壳不能太多，否则蒸出的酒会有一股苦味，把原料和稻壳搅拌均匀之后就可以蒸馏了，直到把发酵池内的原料全部蒸完。</p><p style=\"line-height: 3em;\">5、蒸馏出酒：</p><p style=\"line-height: 3em;\">青稞酒的蒸馏工艺需要用到白酒的传统蒸馏工艺。</p><p style=\"line-height: 3em;\">（1）、装酒醅：蒸馏前算子上要清理干净，不要有堵塞的情况，之后拧开蒸汽阀门，开大蒸汽，让蒸汽保持1个大气压的状态，温度达到100摄氏度，这样的气压能够迅速穿透箅子上的醅料，与蒸料时一样，先在算子上撒上一层1厘米厚的稻壳，铺满整个算子，稻壳的作用与蒸料时相同，之后再把拌有稻壳的醅料撒在上面，撒料时要注意手法，使醅料呈扇形从四周向中间均匀散开，酒醅要撒得准、撒得轻、松散，既不压气，也不跑气。</p><p style=\"line-height: 3em;\">（2）、蒸酒：酒醅装满，盖上甑盖，与连接龙的一端连接起来，连接龙的另一端与冷凝器连接，连接好之后分别向两个连接部位注入清水，起到封闭接口的作用，防止气体从连接口泄露出去，通过给底锅加热发酵好的酒醅，蒸出其中的酒精，汽化成酒气，经过连接龙进入冷凝器，在流动的凉水冷却作用下把酒气冷凝成酒液，输送到出酒管。</p><p style=\"line-height: 3em;\">（3）、出头茬酒：由于一直持续给气加热，发酵后的醅料产生的蒸汽含有的酒精成分浓度很高，所以盖上甑盖后大约1分钟左右就可以出酒了，头茬每甑能出酒75千克，在酿酒行业里有一句话是这么说的：“掐头、去尾、留中间”因为开始的10千克含酸量比较高，口感比较差，被称为头酒【头酒的度数比较高，酒花（酒花：指接酒时激起的泡沫）也比较大，出来之后马上就消失了，头酒的作用就是可以调酒，调出来的味道喝起来绵甜可口】。</p><p style=\"line-height: 3em;\">（4）、中间酒：出酒时的酒花比较小，而且酒花停留的时间比较长，可以断定为已经到了这茬酒的中间阶段了，大约15千克，是口感好的酒，测量酒的度数之后储存起来，没有酒花出现后意味着已经到了尾酒阶段了，尾酒大约有50Kg，当出酒管不再出酒后停止蒸馏，打开甑盖，把原料从甑内运出来，紧接着准备第二次发酵。</p><p style=\"line-height: 3em;\">（二）、第2—4次发酵出酒：第二次发酵就是将锅内蒸馏过酒的原料，放在摊晾场上摊凉，摊凉的方法与一茬相同，经过反复摊晾之后，温度降到17—19℃，再拌入酒曲，紧接着立即投入窖池准备第二次发酵，24天之后就可以进行第二次蒸酒了，第二茬出的酒度数大约为65度，随着不断蒸馏，原料中的淀粉含量越来越少，蒸馏出的酒精成分越来越少，酒的度数会渐渐降低，第三茬酒酒精含量为55度，第四茬降到42度，第四茬蒸馏酒之后，原料内的淀粉已经消耗殆尽成为酒糟，我们要把酒糟从甑内盛出来，算子上清理干净，为下一次蒸馏做准备，出来的酒糟不要扔掉，它是营养丰富的饲料，可以卖出不错的价钱。</p><p style=\"line-height: 3em;\"><span style=\"font-size: 20px;\"><strong><em>四、酿出酒之后的工序：</em></strong></span></p><p style=\"line-height: 3em;\">1、青海互助青稞酒酒精度的测量：蒸出来酒需要测量酒的度数（此次测量的是第二茬蒸出来的酒）从出酒的中间段取1千毫升酒液进行测量，测量酒度通常使用酒精比重计（它由四枝酒精计和一枝温度计组成）先把温度计放入酒液里，再把酒精计放进去，待酒精计在酒液中达到稳定状态，再观察上面的数值，观察酒液平面在酒精计上读数，再通过酒度计、温度浓度换算表换算出酒的度数。刚刚酿出的新酒会有很强的辛辣味，口感不好，贮藏一段时间后酒味会慢慢的变柔，这就是所谓的越陈的酒越好。</p><p style=\"line-height: 3em;\">2、青稞酒对贮存的容器和贮存条件的要求：用来贮存白酒的容器有两种，一种是陶制的酒缸，另外一种是酒醢（hai)，在这些容器里，在这些容器里，酒液中各种成分进行氧化、还原、化合及挥发等反应，同时吸附一些酒中的有害物质，酒味会变得更加醇香柔和。</p><p style=\"line-height: 3em;\">3、窖藏：放置贮酒容器的仓库要干燥通风、温湿度适宜，温度不宜超过30℃，相对湿度一般控制在75%左右，库房要远离生活区、加工区，四周没有杂物堆积并保持清洁。</p><p style=\"line-height: 3em;\">4、陈酿后的处理：经过陈酿的酒称为半成品酒，也叫原酒，由于受到季节变化，酿造时间、发酵次数等客观因素的影响，不同批次的酒会在口味上会有差别， 并且酒度过高，不能满足市场多元化的需求，因此在上市前需要降度和窜香。</p><p style=\"line-height: 3em;\">5、降度：（原酒通过原酒处理机处理好以后，然后把水经过水处理机处理好的软水加到原酒里面，这个过程就叫降度），降度过程中要及时监测酒度，整个降度过程要测量三次酒度，精确控制加水量，精确降度。</p><p style=\"line-height: 3em;\">6、串香：白酒经过降度处理之后还要进行串香处理（把两种酒降成一个度数，然后放在一起，使两种酒的口感更好、香气更足）经过以上处理之后的青稞酒已经基本达到上市要求了，为了保证酒的质量，还要进行酒质检测。</p><p style=\"line-height: 3em;\">7、酒质检测：需要用仪器对酒的品质进行更为科学的检测，使用的仪器是白酒分析色谱仪，对酒液中的总酯类成分进行检测，测到的数值为每升含量为0.6克，说明被检测的酒液中总酯类的含量没有超标，达到合格青稞酒的要求。</p><p style=\"line-height: 3em;\">青稞白酒灌装：经过合格检测过的白酒就可以送到灌装车间进行装瓶了，正式工作之前工作人员需要更换工作服，之后再进入灌装车间，工作人员在工作之前要仔细洗手。</p><p style=\"line-height: 3em;\">8、灌装线质量检测：白酒灌装时整个过程要严格监控，在生产线的末端要安排专人将封号口的白酒瓶倒置，对着灯光进行观察，检查封口的密闭性、是否有杂物，如果发现异常，要及时处理，之后就可以装箱上市销售了。</p>', null, '0', null, '管理员', null, '22,23,24,');
INSERT INTO `cms_article` VALUES ('25', '子母酒（3号）', 'http://47.104.139.43:80/uploads/images/20180412130735.jpg', null, null, '2018-03-25 17:42:17', null, null, null, null, '<p><img src=\"http://47.104.139.43:80/uploads/images/20180412130744.jpg\" title=\"20180412130744.jpg\" alt=\"\"/></p><p>品名：酒海不干子母酒（3号）</p><p>净含量：780ML/瓶</p><p>酒精度：42%vol</p>', null, '0', null, '管理员', null, '18,19,20,');
INSERT INTO `cms_article` VALUES ('26', '子母酒（1号）加一', 'http://47.104.139.43:80/uploads/images/20180416152721.jpg', null, null, '2018-03-25 17:46:56', null, null, null, null, '<p><br/></p><p><img src=\"http://47.104.139.43:80/uploads/images/20180416152711.jpg\" title=\"20180416152711.jpg\" alt=\"\"/>品名：酒海不干子母酒（1号）</p><p>净含量：780ML/瓶</p><p>酒精度：42%vol+60%vol</p>', null, '0', null, '管理员', null, '18,19,20,');
INSERT INTO `cms_article` VALUES ('27', '最新通知', null, null, null, '2018-03-25 17:59:30', null, null, null, null, '<p>最新通知，网站上线啦</p>', null, '0', null, '马玉德', null, '12,');
INSERT INTO `cms_article` VALUES ('28', '企业简介', 'http://47.104.139.43:80/uploads/images/20180402164430.jpg', null, null, '2018-04-02 16:42:45', null, null, null, null, '<p style=\"text-indent: 2em; line-height: 3em;\"><span style=\"text-indent: 2em; font-size: 16px;\">青海互助金泉青稞酒酿造有限公司位于美丽的“彩虹之乡”—青海省互助县威远镇西街48号。是一家集白酒酿造、销售为一体的规模化民营企业，多年来企业秉承“酿好酒、做好人”的传统人文精神稳步成长。公司拥有一批技术纯熟的手工酿造师傅和先进的生产设备，公司本着“信誉至上”的宗旨，视“质量为产品生命”理念，保留青稞酒的原汁原味、传承古法酿造的目的，以“酿造”为生产经营方式、“青稞”为原材料、“白酒”为生产经营范围，谋求以质量赢取市场，以诚信谋求客户的原则，发展为现今规模，且深受广大新老客户的好评。本企业已通过ISO9001认证。荣获“重合同，守信用”企业；被评为青海省酒类流通市场“放心酒”；是青海省白酒行业协会唯一指定推荐产品。公司主要生产清香型青稞系列酒，主要有青稞原酒、青稞子母酒、分装酒、生态酒等四十多个产品。并已形成以西北地区为重点，逐步辐射全国市场的销售网络。</span></p><p style=\"text-indent: 2em; line-height: 3em;\"><span style=\"font-size: 16px;\">“以诚做人、以信立业、酒质是金”是金泉人矢志不移的追求。海纳百川，有容乃大。悠悠400年，醇醇青稞酒。我们是400年青稞酒文化的传承者，我们是青稞酒手工酿造的发扬者。威远金泉—青稞酒手工酿造的典范！</span></p><p><br/></p>', null, '0', 'http://qhjinquan.cn/pages/cpzs/26.html', null, null, '10,19,');
INSERT INTO `cms_article` VALUES ('29', '网站测试', null, null, null, '2018-04-03 10:33:37', '马玉德', null, null, null, '<p>企业动态</p>', null, '0', null, '马玉德', null, '12,');
INSERT INTO `cms_article` VALUES ('30', '网站通知', null, null, null, '2018-04-16 14:50:04', '发文', null, null, null, '<p>网站通知</p>', null, '0', null, '发文', null, '12,');
INSERT INTO `cms_article` VALUES ('31', '网站通知', null, null, null, '2018-04-16 14:49:48', '发文', null, null, null, '<p>网站通知</p>', null, '0', null, '发文', null, '12,');
INSERT INTO `cms_article` VALUES ('32', '新网站上线了', null, null, null, '2018-04-16 14:50:29', '发文', null, null, null, '<p>新网站上线了新网站上线了新网站上线了新网站上线了新网站上线了新网站上线了</p>', null, '0', null, '发文', null, '28,');
INSERT INTO `cms_article` VALUES ('33', '新网站上线了新网站上线了新网站上线了新网站上线了', null, null, null, '2018-04-16 14:50:20', '发文', null, null, null, '<p>新网站上线了新网站上线了新网站上线了新网站上线了新网站上线了新网站上线了</p>', null, '0', null, '发文', null, '28,');
INSERT INTO `cms_article` VALUES ('34', '图片新闻', 'http://47.104.139.43:80/uploads/images/20180416144736.jpg', null, null, '2018-04-16 14:51:04', '发文', null, null, null, '<p style=\"text-align: center;\"><img src=\"http://47.104.139.43:80/uploads/images/20180416144749.JPG\" title=\"20180416144749.JPG\" alt=\"\"/></p>', null, '0', null, '发文', null, '29,');
INSERT INTO `cms_article` VALUES ('35', '图片新闻', 'http://47.104.139.43:80/uploads/images/20180416144812.jpg', null, null, '2018-04-16 14:50:55', '发文', null, null, null, '<p style=\"text-align: center;\"><img src=\"http://47.104.139.43:80/uploads/images/20180416144824.JPG\" title=\"20180416144824.JPG\" alt=\"\"/></p>', null, '0', null, '发文', null, '29,');
INSERT INTO `cms_article` VALUES ('36', '图片新闻', 'http://47.104.139.43:80/uploads/images/20180416144844.jpg', null, null, '2018-04-16 14:50:46', '发文', null, null, null, '<p style=\"text-align: center;\"><img src=\"http://47.104.139.43:80/uploads/images/20180416144914.jpg\" title=\"20180416144914.jpg\" alt=\"\"/></p>', null, '0', null, '发文', null, '29,');
INSERT INTO `cms_article` VALUES ('37', '新闻', 'http://47.104.139.43:80/uploads/images/20180416145217.jpg', null, null, '2018-04-16 14:52:21', '发文', null, null, null, '<p><img src=\"http://47.104.139.43:80/uploads/images/20180416145232.JPG\" title=\"20180416145232.JPG\" alt=\"\"/></p>', null, '0', null, null, null, '29,');
INSERT INTO `cms_article` VALUES ('38', '新闻', 'http://47.104.139.43:80/uploads/images/20180416145331.jpg', null, null, '2018-04-16 14:53:34', '发文', null, null, null, '<p><span style=\"color: rgb(72, 72, 72); background-color: rgb(255, 255, 255); font-family: 宋体;\">&nbsp;</span><span style=\"color: rgb(72, 72, 72); background-color: rgb(255, 255, 255); font-family: 宋体;\">近日，省人社厅联合省工商局在全省范围内开展了清理整顿人力资源市场秩序专项行动，进一步规范人力资源服务机构的职业介绍和用人单位的用工行为，维护公平、规范、竞争有序的就业环境，切实保障劳动者合法权益。此次专项行动按照“统一组织、分工协作”的原则，我省人社部门、工商部门、公安部门分别派出检查人员358人次、199人次、46人次，对依法成立的人力资源服务机构、未经许可或登记但实际从事职业中介和劳务派遣的组织和个人、各类招工用人单位进行专项执法检查。共检查889户，其中：未经许可和登记擅自从事职业中介活动的组织或个人6户；职业中介机构95户；用人单位788户。<br/>&nbsp;&nbsp;&nbsp; 本次专项活动把依法履行人力资源市场监管、严格审查人力资源服务机构行政许可申请、依法取缔非法人力资源服务机构和劳务派遣单位、依法严惩各类以职业介绍为名从事传销、强迫劳动等严重违法行为作为重要任务。采取规范用人单位的招工行为，清查已在工商行政管理部门登记注册、但未经授权保管流动人员人事档案的人力资源服务机构，查处收取人事关系档案保管费、人才集体户口管理服务费等多种形式，共查处违法案件21件。其中：未经许可和登记擅自从事职业中介活动的组织或个人5件，违法介绍童工1件，扣押被录用人员居民身份证和其他证件或者以担保或其他名义向劳动者收取财物15件。<br/>&nbsp;&nbsp;&nbsp; 为确保此次专项行动取得实效，省人社厅一是积极沟通，及时与工商行政管理部门协调，明确主要任务、工作目标、工作要求，确定清理整顿工作重点。二是督查有力，各市州严格按照工作要求，采取听工作汇报、查阅相关资料、召开座谈会、明查暗访等方式，对辖区内的人力资源市场秩序进行了实地检查。三是营造氛围，充分利用12333电话咨询服务、“就业援助月”专项活动、“春风行动”招聘会等大力开展政策法规宣传活动，在招聘会上采取印发宣传资料、现场解答等多种形式对求职者进行解疑答惑，帮助他们提高对正规中介的认知，提高求职者的自我保护能力。同时还对人力资源服务机构负责人及工作人员宣讲了《就业促进法》《劳动合同法》《劳动保障监察条例》《禁止使用童工规定》等劳动保障法律法规规定，提高用人单位及劳动者的法律意识，促进人力资源市场秩序和谐健康发展。&nbsp;<br/>&nbsp;&nbsp;&nbsp; 下一步，我们将以这次专项行动为契机，重点做好以下工作，一是进一步做好政策法规的宣传和舆论的引导工作。采取多种方式对相关就业政策及劳动保障法律法规进行宣传，继续在全省范围内营造良好的人力资源市场秩序。二是建立健全各职能部门间的长效联动机制。进一步加大和工商行政管理局等各职能部门间的协调及合作，继续做好劳资纠纷的源头防控工作，实现劳资双方利益共赢，促进劳资关系和谐稳定。三是积极畅通维权通道。利用官方微博、官方微信广泛宣传清理整顿人力资源市场秩序专项行动开展情况，并公布投诉举报电话，在自觉接受群众监督的同时，有效避免劳动者投诉无门现象的发生，切实维护劳动者的合法权益。</span></p>', null, '0', null, null, null, '29,');
INSERT INTO `cms_article` VALUES ('39', '新闻', 'http://47.104.139.43:80/uploads/images/20180416145356.jpg', null, null, '2018-04-16 14:54:07', '发文', null, null, null, '<p><span style=\"color: rgb(72, 72, 72); background-color: rgb(255, 255, 255); font-family: 宋体;\">&nbsp;</span><span style=\"color: rgb(72, 72, 72); background-color: rgb(255, 255, 255); font-family: 宋体;\">近日，省人社厅联合省工商局在全省范围内开展了清理整顿人力资源市场秩序专项行动，进一步规范人力资源服务机构的职业介绍和用人单位的用工行为，维护公平、规范、竞争有序的就业环境，切实保障劳动者合法权益。此次专项行动按照“统一组织、分工协作”的原则，我省人社部门、工商部门、公安部门分别派出检查人员358人次、199人次、46人次，对依法成立的人力资源服务机构、未经许可或登记但实际从事职业中介和劳务派遣的组织和个人、各类招工用人单位进行专项执法检查。共检查889户，其中：未经许可和登记擅自从事职业中介活动的组织或个人6户；职业中介机构95户；用人单位788户。<br/>&nbsp;&nbsp;&nbsp; 本次专项活动把依法履行人力资源市场监管、严格审查人力资源服务机构行政许可申请、依法取缔非法人力资源服务机构和劳务派遣单位、依法严惩各类以职业介绍为名从事传销、强迫劳动等严重违法行为作为重要任务。采取规范用人单位的招工行为，清查已在工商行政管理部门登记注册、但未经授权保管流动人员人事档案的人力资源服务机构，查处收取人事关系档案保管费、人才集体户口管理服务费等多种形式，共查处违法案件21件。其中：未经许可和登记擅自从事职业中介活动的组织或个人5件，违法介绍童工1件，扣押被录用人员居民身份证和其他证件或者以担保或其他名义向劳动者收取财物15件。<br/>&nbsp;&nbsp;&nbsp; 为确保此次专项行动取得实效，省人社厅一是积极沟通，及时与工商行政管理部门协调，明确主要任务、工作目标、工作要求，确定清理整顿工作重点。二是督查有力，各市州严格按照工作要求，采取听工作汇报、查阅相关资料、召开座谈会、明查暗访等方式，对辖区内的人力资源市场秩序进行了实地检查。三是营造氛围，充分利用12333电话咨询服务、“就业援助月”专项活动、“春风行动”招聘会等大力开展政策法规宣传活动，在招聘会上采取印发宣传资料、现场解答等多种形式对求职者进行解疑答惑，帮助他们提高对正规中介的认知，提高求职者的自我保护能力。同时还对人力资源服务机构负责人及工作人员宣讲了《就业促进法》《劳动合同法》《劳动保障监察条例》《禁止使用童工规定》等劳动保障法律法规规定，提高用人单位及劳动者的法律意识，促进人力资源市场秩序和谐健康发展。&nbsp;<br/>&nbsp;&nbsp;&nbsp; 下一步，我们将以这次专项行动为契机，重点做好以下工作，一是进一步做好政策法规的宣传和舆论的引导工作。采取多种方式对相关就业政策及劳动保障法律法规进行宣传，继续在全省范围内营造良好的人力资源市场秩序。二是建立健全各职能部门间的长效联动机制。进一步加大和工商行政管理局等各职能部门间的协调及合作，继续做好劳资纠纷的源头防控工作，实现劳资双方利益共赢，促进劳资关系和谐稳定。三是积极畅通维权通道。利用官方微博、官方微信广泛宣传清理整顿人力资源市场秩序专项行动开展情况，并公布投诉举报电话，在自觉接受群众监督的同时，有效避免劳动者投诉无门现象的发生，切实维护劳动者的合法权益。</span></p>', null, '0', null, '发文', null, '29,');
INSERT INTO `cms_article` VALUES ('40', '图片新闻', 'http://47.104.139.43:80/uploads/images/20180416145745.jpg', null, null, '2018-04-16 14:57:50', '发文', null, null, null, '<p><span style=\"color: rgb(72, 72, 72); background-color: rgb(255, 255, 255); font-family: 宋体;\">&nbsp;</span><span style=\"color: rgb(72, 72, 72); background-color: rgb(255, 255, 255); font-family: 宋体;\">近日，省人社厅联合省工商局在全省范围内开展了清理整顿人力资源市场秩序专项行动，进一步规范人力资源服务机构的职业介绍和用人单位的用工行为，维护公平、规范、竞争有序的就业环境，切实保障劳动者合法权益。此次专项行动按照“统一组织、分工协作”的原则，我省人社部门、工商部门、公安部门分别派出检查人员358人次、199人次、46人次，对依法成立的人力资源服务机构、未经许可或登记但实际从事职业中介和劳务派遣的组织和个人、各类招工用人单位进行专项执法检查。共检查889户，其中：未经许可和登记擅自从事职业中介活动的组织或个人6户；职业中介机构95户；用人单位788户。<br/>&nbsp;&nbsp;&nbsp; 本次专项活动把依法履行人力资源市场监管、严格审查人力资源服务机构行政许可申请、依法取缔非法人力资源服务机构和劳务派遣单位、依法严惩各类以职业介绍为名从事传销、强迫劳动等严重违法行为作为重要任务。采取规范用人单位的招工行为，清查已在工商行政管理部门登记注册、但未经授权保管流动人员人事档案的人力资源服务机构，查处收取人事关系档案保管费、人才集体户口管理服务费等多种形式，共查处违法案件21件。其中：未经许可和登记擅自从事职业中介活动的组织或个人5件，违法介绍童工1件，扣押被录用人员居民身份证和其他证件或者以担保或其他名义向劳动者收取财物15件。<br/>&nbsp;&nbsp;&nbsp; 为确保此次专项行动取得实效，省人社厅一是积极沟通，及时与工商行政管理部门协调，明确主要任务、工作目标、工作要求，确定清理整顿工作重点。二是督查有力，各市州严格按照工作要求，采取听工作汇报、查阅相关资料、召开座谈会、明查暗访等方式，对辖区内的人力资源市场秩序进行了实地检查。三是营造氛围，充分利用12333电话咨询服务、“就业援助月”专项活动、“春风行动”招聘会等大力开展政策法规宣传活动，在招聘会上采取印发宣传资料、现场解答等多种形式对求职者进行解疑答惑，帮助他们提高对正规中介的认知，提高求职者的自我保护能力。同时还对人力资源服务机构负责人及工作人员宣讲了《就业促进法》《劳动合同法》《劳动保障监察条例》《禁止使用童工规定》等劳动保障法律法规规定，提高用人单位及劳动者的法律意识，促进人力资源市场秩序和谐健康发展。&nbsp;<br/>&nbsp;&nbsp;&nbsp; 下一步，我们将以这次专项行动为契机，重点做好以下工作，一是进一步做好政策法规的宣传和舆论的引导工作。采取多种方式对相关就业政策及劳动保障法律法规进行宣传，继续在全省范围内营造良好的人力资源市场秩序。二是建立健全各职能部门间的长效联动机制。进一步加大和工商行政管理局等各职能部门间的协调及合作，继续做好劳资纠纷的源头防控工作，实现劳资双方利益共赢，促进劳资关系和谐稳定。三是积极畅通维权通道。利用官方微博、官方微信广泛宣传清理整顿人力资源市场秩序专项行动开展情况，并公布投诉举报电话，在自觉接受群众监督的同时，有效避免劳动者投诉无门现象的发生，切实维护劳动者的合法权益。</span></p>', null, '0', null, null, null, '29,');
INSERT INTO `cms_article` VALUES ('41', '图文新闻', 'http://47.104.139.43:80/uploads/images/20180416145823.jpg', null, null, '2018-04-16 14:58:27', '发文', null, null, null, '<p><span style=\"color: rgb(72, 72, 72); background-color: rgb(255, 255, 255); font-family: 宋体;\">&nbsp;</span><span style=\"color: rgb(72, 72, 72); background-color: rgb(255, 255, 255); font-family: 宋体;\">近日，省人社厅联合省工商局在全省范围内开展了清理整顿人力资源市场秩序专项行动，进一步规范人力资源服务机构的职业介绍和用人单位的用工行为，维护公平、规范、竞争有序的就业环境，切实保障劳动者合法权益。此次专项行动按照“统一组织、分工协作”的原则，我省人社部门、工商部门、公安部门分别派出检查人员358人次、199人次、46人次，对依法成立的人力资源服务机构、未经许可或登记但实际从事职业中介和劳务派遣的组织和个人、各类招工用人单位进行专项执法检查。共检查889户，其中：未经许可和登记擅自从事职业中介活动的组织或个人6户；职业中介机构95户；用人单位788户。<br/>&nbsp;&nbsp;&nbsp; 本次专项活动把依法履行人力资源市场监管、严格审查人力资源服务机构行政许可申请、依法取缔非法人力资源服务机构和劳务派遣单位、依法严惩各类以职业介绍为名从事传销、强迫劳动等严重违法行为作为重要任务。采取规范用人单位的招工行为，清查已在工商行政管理部门登记注册、但未经授权保管流动人员人事档案的人力资源服务机构，查处收取人事关系档案保管费、人才集体户口管理服务费等多种形式，共查处违法案件21件。其中：未经许可和登记擅自从事职业中介活动的组织或个人5件，违法介绍童工1件，扣押被录用人员居民身份证和其他证件或者以担保或其他名义向劳动者收取财物15件。<br/>&nbsp;&nbsp;&nbsp; 为确保此次专项行动取得实效，省人社厅一是积极沟通，及时与工商行政管理部门协调，明确主要任务、工作目标、工作要求，确定清理整顿工作重点。二是督查有力，各市州严格按照工作要求，采取听工作汇报、查阅相关资料、召开座谈会、明查暗访等方式，对辖区内的人力资源市场秩序进行了实地检查。三是营造氛围，充分利用12333电话咨询服务、“就业援助月”专项活动、“春风行动”招聘会等大力开展政策法规宣传活动，在招聘会上采取印发宣传资料、现场解答等多种形式对求职者进行解疑答惑，帮助他们提高对正规中介的认知，提高求职者的自我保护能力。同时还对人力资源服务机构负责人及工作人员宣讲了《就业促进法》《劳动合同法》《劳动保障监察条例》《禁止使用童工规定》等劳动保障法律法规规定，提高用人单位及劳动者的法律意识，促进人力资源市场秩序和谐健康发展。&nbsp;<br/>&nbsp;&nbsp;&nbsp; 下一步，我们将以这次专项行动为契机，重点做好以下工作，一是进一步做好政策法规的宣传和舆论的引导工作。采取多种方式对相关就业政策及劳动保障法律法规进行宣传，继续在全省范围内营造良好的人力资源市场秩序。二是建立健全各职能部门间的长效联动机制。进一步加大和工商行政管理局等各职能部门间的协调及合作，继续做好劳资纠纷的源头防控工作，实现劳资双方利益共赢，促进劳资关系和谐稳定。三是积极畅通维权通道。利用官方微博、官方微信广泛宣传清理整顿人力资源市场秩序专项行动开展情况，并公布投诉举报电话，在自觉接受群众监督的同时，有效避免劳动者投诉无门现象的发生，切实维护劳动者的合法权益。</span></p><p><span style=\"color: rgb(72, 72, 72); background-color: rgb(255, 255, 255); font-family: 宋体;\"><br/></span></p><p style=\"text-align: center;\"><span style=\"color: rgb(72, 72, 72); background-color: rgb(255, 255, 255); font-family: 宋体;\"><img src=\"http://47.104.139.43:80/uploads/images/20180416145838.JPG\" title=\"20180416145838.JPG\" alt=\"\"/></span></p>', null, '0', null, null, null, '29,');
INSERT INTO `cms_article` VALUES ('42', '新闻', 'http://47.104.139.43:80/uploads/images/20180416145915.jpg', null, null, '2018-04-16 14:59:18', '发文', null, null, null, '<p><span style=\"color: rgb(72, 72, 72); background-color: rgb(255, 255, 255); font-family: 宋体;\">&nbsp;</span><span style=\"color: rgb(72, 72, 72); background-color: rgb(255, 255, 255); font-family: 宋体;\">近日，省人社厅联合省工商局在全省范围内开展了清理整顿人力资源市场秩序专项行动，进一步规范人力资源服务机构的职业介绍和用人单位的用工行为，维护公平、规范、竞争有序的就业环境，切实保障劳动者合法权益。此次专项行动按照“统一组织、分工协作”的原则，我省人社部门、工商部门、公安部门分别派出检查人员358人次、199人次、46人次，对依法成立的人力资源服务机构、未经许可或登记但实际从事职业中介和劳务派遣的组织和个人、各类招工用人单位进行专项执法检查。共检查889户，其中：未经许可和登记擅自从事职业中介活动的组织或个人6户；职业中介机构95户；用人单位788户。<br/>&nbsp;&nbsp;&nbsp; 本次专项活动把依法履行人力资源市场监管、严格审查人力资源服务机构行政许可申请、依法取缔非法人力资源服务机构和劳务派遣单位、依法严惩各类以职业介绍为名从事传销、强迫劳动等严重违法行为作为重要任务。采取规范用人单位的招工行为，清查已在工商行政管理部门登记注册、但未经授权保管流动人员人事档案的人力资源服务机构，查处收取人事关系档案保管费、人才集体户口管理服务费等多种形式，共查处违法案件21件。其中：未经许可和登记擅自从事职业中介活动的组织或个人5件，违法介绍童工1件，扣押被录用人员居民身份证和其他证件或者以担保或其他名义向劳动者收取财物15件。<br/>&nbsp;&nbsp;&nbsp; 为确保此次专项行动取得实效，省人社厅一是积极沟通，及时与工商行政管理部门协调，明确主要任务、工作目标、工作要求，确定清理整顿工作重点。二是督查有力，各市州严格按照工作要求，采取听工作汇报、查阅相关资料、召开座谈会、明查暗访等方式，对辖区内的人力资源市场秩序进行了实地检查。三是营造氛围，充分利用12333电话咨询服务、“就业援助月”专项活动、“春风行动”招聘会等大力开展政策法规宣传活动，在招聘会上采取印发宣传资料、现场解答等多种形式对求职者进行解疑答惑，帮助他们提高对正规中介的认知，提高求职者的自我保护能力。同时还对人力资源服务机构负责人及工作人员宣讲了《就业促进法》《劳动合同法》《劳动保障监察条例》《禁止使用童工规定》等劳动保障法律法规规定，提高用人单位及劳动者的法律意识，促进人力资源市场秩序和谐健康发展。&nbsp;<br/>&nbsp;&nbsp;&nbsp; 下一步，我们将以这次专项行动为契机，重点做好以下工作，一是进一步做好政策法规的宣传和舆论的引导工作。采取多种方式对相关就业政策及劳动保障法律法规进行宣传，继续在全省范围内营造良好的人力资源市场秩序。二是建立健全各职能部门间的长效联动机制。进一步加大和工商行政管理局等各职能部门间的协调及合作，继续做好劳资纠纷的源头防控工作，实现劳资双方利益共赢，促进劳资关系和谐稳定。三是积极畅通维权通道。利用官方微博、官方微信广泛宣传清理整顿人力资源市场秩序专项行动开展情况，并公布投诉举报电话，在自觉接受群众监督的同时，有效避免劳动者投诉无门现象的发生，切实维护劳动者的合法权益。</span></p>', null, '0', null, null, null, '29,');
INSERT INTO `cms_article` VALUES ('43', '测试填充', 'http://47.104.139.43:80/uploads/images/20180416150013.jpg', null, null, '2018-04-16 15:00:27', '发文', null, null, null, '<p style=\"line-height: 2em;\"><span style=\"color: rgb(72, 72, 72); background-color: rgb(255, 255, 255); font-family: 宋体;\">&nbsp;</span><span style=\"color: rgb(72, 72, 72); background-color: rgb(255, 255, 255); font-family: 宋体;\">近日，省人社厅联合省工商局在全省范围内开展了清理整顿人力资源市场秩序专项行动，进一步规范人力资源服务机构的职业介绍和用人单位的用工行为，维护公平、规范、竞争有序的就业环境，切实保障劳动者合法权益。此次专项行动按照“统一组织、分工协作”的原则，我省人社部门、工商部门、公安部门分别派出检查人员358人次、199人次、46人次，对依法成立的人力资源服务机构、未经许可或登记但实际从事职业中介和劳务派遣的组织和个人、各类招工用人单位进行专项执法检查。共检查889户，其中：未经许可和登记擅自从事职业中介活动的组织或个人6户；职业中介机构95户；用人单位788户。<br/>&nbsp;&nbsp;&nbsp; 本次专项活动把依法履行人力资源市场监管、严格审查人力资源服务机构行政许可申请、依法取缔非法人力资源服务机构和劳务派遣单位、依法严惩各类以职业介绍为名从事传销、强迫劳动等严重违法行为作为重要任务。采取规范用人单位的招工行为，清查已在工商行政管理部门登记注册、但未经授权保管流动人员人事档案的人力资源服务机构，查处收取人事关系档案保管费、人才集体户口管理服务费等多种形式，共查处违法案件21件。其中：未经许可和登记擅自从事职业中介活动的组织或个人5件，违法介绍童工1件，扣押被录用人员居民身份证和其他证件或者以担保或其他名义向劳动者收取财物15件。<br/>&nbsp;&nbsp;&nbsp; 为确保此次专项行动取得实效，省人社厅一是积极沟通，及时与工商行政管理部门协调，明确主要任务、工作目标、工作要求，确定清理整顿工作重点。二是督查有力，各市州严格按照工作要求，采取听工作汇报、查阅相关资料、召开座谈会、明查暗访等方式，对辖区内的人力资源市场秩序进行了实地检查。三是营造氛围，充分利用12333电话咨询服务、“就业援助月”专项活动、“春风行动”招聘会等大力开展政策法规宣传活动，在招聘会上采取印发宣传资料、现场解答等多种形式对求职者进行解疑答惑，帮助他们提高对正规中介的认知，提高求职者的自我保护能力。同时还对人力资源服务机构负责人及工作人员宣讲了《就业促进法》《劳动合同法》《劳动保障监察条例》《禁止使用童工规定》等劳动保障法律法规规定，提高用人单位及劳动者的法律意识，促进人力资源市场秩序和谐健康发展。&nbsp;<br/>&nbsp;&nbsp;&nbsp; 下一步，我们将以这次专项行动为契机，重点做好以下工作，一是进一步做好政策法规的宣传和舆论的引导工作。采取多种方式对相关就业政策及劳动保障法律法规进行宣传，继续在全省范围内营造良好的人力资源市场秩序。二是建立健全各职能部门间的长效联动机制。进一步加大和工商行政管理局等各职能部门间的协调及合作，继续做好劳资纠纷的源头防控工作，实现劳资双方利益共赢，促进劳资关系和谐稳定。三是积极畅通维权通道。利用官方微博、官方微信广泛宣传清理整顿人力资源市场秩序专项行动开展情况，并公布投诉举报电话，在自觉接受群众监督的同时，有效避免劳动者投诉无门现象的发生，切实维护劳动者的合法权益。</span></p>', null, '0', null, '发文', null, '29,');
INSERT INTO `cms_article` VALUES ('44', '图片新闻', 'http://47.104.139.43:80/uploads/images/20180416150320.jpg', null, null, '2018-04-16 15:19:11', '发文', null, null, null, '<p style=\"text-align: center;\"><img src=\"http://47.104.139.43:80/uploads/images/20180416150349.JPG\" title=\"20180416150349.JPG\" alt=\"\"/></p>', null, '0', null, '发文', null, '29,');
INSERT INTO `cms_article` VALUES ('45', '通知公告', null, null, null, '2018-04-16 15:47:50', '发文', null, null, null, '<p>通知公告</p>', null, '0', null, null, null, '12,');

-- ----------------------------
-- Table structure for cms_channel
-- ----------------------------
DROP TABLE IF EXISTS `cms_channel`;
CREATE TABLE `cms_channel` (
  `channel_pk` int(11) NOT NULL AUTO_INCREMENT COMMENT '主键',
  `channel_name` varchar(255) DEFAULT NULL COMMENT '栏目名称',
  `channel_parent` varchar(255) DEFAULT NULL COMMENT '父栏目',
  `channel_english` varchar(255) DEFAULT NULL COMMENT '栏目英文名称',
  `channel_catalog` varchar(255) DEFAULT NULL COMMENT '栏目生成目录',
  `channel_page_name` varchar(255) DEFAULT NULL COMMENT '内容页名称',
  `channel_page_template` varchar(255) DEFAULT NULL COMMENT '索引页名称',
  `channel_index_name` varchar(255) DEFAULT NULL COMMENT '索引页名称',
  `channel_index_template` varchar(255) DEFAULT NULL COMMENT '索引页模板',
  `channel_index_count` varchar(255) DEFAULT NULL COMMENT '索引页数量',
  `channel_list_name` varchar(255) DEFAULT NULL COMMENT '列表页名称',
  `channel_list_template` varchar(255) DEFAULT NULL COMMENT '列表页模板',
  `channel_list_count` varchar(255) DEFAULT NULL COMMENT '列表页数量',
  PRIMARY KEY (`channel_pk`)
) ENGINE=InnoDB AUTO_INCREMENT=31 DEFAULT CHARSET=utf8;

-- ----------------------------
-- Records of cms_channel
-- ----------------------------
INSERT INTO `cms_channel` VALUES ('1', '首页', '0', 'sy', null, null, null, null, null, null, null, null, null);
INSERT INTO `cms_channel` VALUES ('9', '宣传图', '1', 'xct', '/pages/comm/', null, null, null, null, null, 'carousel.html', 'carousel.ftl', null);
INSERT INTO `cms_channel` VALUES ('10', '企业简介', '1', 'qyjj', '/pages/qyjj/', 'index.html', 'content.ftl', null, null, null, null, null, null);
INSERT INTO `cms_channel` VALUES ('11', '咨询中心', '0', 'zxzx', null, null, null, null, null, null, null, null, null);
INSERT INTO `cms_channel` VALUES ('12', '通知公告', '30', 'tzgg', '/pages/xwdt/', null, 'content.ftl', null, null, null, 'tzgg.html', 'tzgg.ftl', null);
INSERT INTO `cms_channel` VALUES ('13', '荣誉资质', '11', 'ryzz', '/pages/zxzx/', 'ryzz.html', 'content.ftl', null, null, null, null, null, null);
INSERT INTO `cms_channel` VALUES ('14', '招商要求', '11', 'zsyq', '/pages/zxzx/', 'zsyq.html', 'content.ftl', null, null, null, null, null, null);
INSERT INTO `cms_channel` VALUES ('15', '人才招聘', '11', 'rczp', '/pages/zxzx/', 'rczp.html', 'content.ftl', null, null, null, null, null, null);
INSERT INTO `cms_channel` VALUES ('17', '产品展示', '0', 'cpzs', null, null, null, null, null, null, null, null, null);
INSERT INTO `cms_channel` VALUES ('18', '瓶装酒系列', '17', 'pzjxl', '/pages/cpzs/', null, 'content.ftl', null, null, null, 'pzjxl_cpzs_list.html', 'cpzs_list.ftl', null);
INSERT INTO `cms_channel` VALUES ('19', '分装酒系列', '17', 'fzjxl', '/pages/cpzs/', null, 'content.ftl', null, null, null, 'fzjxl_cpzs_list.html', 'cpzs_list.ftl', null);
INSERT INTO `cms_channel` VALUES ('20', '散酒系列', '17', 'sjxl', '/pages/cpzs/', null, 'content.ftl', null, null, null, 'sjxl_cpzs_list.html', 'cpzs_list.ftl', null);
INSERT INTO `cms_channel` VALUES ('21', '酒文化', '0', 'jwh', null, null, null, null, null, null, null, null, null);
INSERT INTO `cms_channel` VALUES ('22', '酿造工艺', '21', 'nzgy', '/pages/jwh/nzgy/', null, 'content.ftl', null, null, null, 'nzgy_list.html', 'jwh_list.ftl', null);
INSERT INTO `cms_channel` VALUES ('23', '功效作用', '21', 'gxzy', '/pages/jwh/gxzy/', null, 'content.ftl', null, null, null, 'gxzy_list.html', 'jwh_list.ftl', null);
INSERT INTO `cms_channel` VALUES ('24', '酒类常识', '21', 'jlcs', '/pages/jwh/jlcs/', null, 'content.ftl', null, null, null, 'jlcs_list.html', 'jwh_list.ftl', null);
INSERT INTO `cms_channel` VALUES ('25', '联系方式', '0', 'lxfs', null, null, null, null, null, null, null, null, null);
INSERT INTO `cms_channel` VALUES ('26', '联系方式图片', '25', 'lxfstp', '/pages/lxfs/', null, null, null, null, null, 'lxfstp.html', 'lxfstp.ftl', null);
INSERT INTO `cms_channel` VALUES ('27', '联系方式内容', '25', 'lxfsnr', '/pages/lxfs/', 'lxfsnr.html', 'lxfsnr.ftl', null, null, null, null, null, null);
INSERT INTO `cms_channel` VALUES ('28', '企业动态', '30', 'qydt', '/pages/xwdt/', null, 'content.ftl', null, null, null, 'qydt.html', 'qydt.ftl', null);
INSERT INTO `cms_channel` VALUES ('29', '图片视频新闻', '30', 'tpspxw', '/pages/xwdt/', null, 'content.ftl', null, null, null, 'spxw.html', 'spxw.ftl', null);
INSERT INTO `cms_channel` VALUES ('30', '新闻动态', '0', 'xwdt', null, null, null, null, null, null, null, null, null);

-- ----------------------------
-- Table structure for cms_channel_article
-- ----------------------------
DROP TABLE IF EXISTS `cms_channel_article`;
CREATE TABLE `cms_channel_article` (
  `channelarticle_pk` int(11) NOT NULL AUTO_INCREMENT,
  `fk_channel_pk` varchar(30) DEFAULT NULL COMMENT '栏目主键',
  `fk_article_pk` varchar(30) DEFAULT NULL COMMENT '文章主键',
  PRIMARY KEY (`channelarticle_pk`)
) ENGINE=InnoDB AUTO_INCREMENT=299 DEFAULT CHARSET=gbk;

-- ----------------------------
-- Records of cms_channel_article
-- ----------------------------
INSERT INTO `cms_channel_article` VALUES ('57', '9', '1');
INSERT INTO `cms_channel_article` VALUES ('58', '18', '1');
INSERT INTO `cms_channel_article` VALUES ('59', '19', '1');
INSERT INTO `cms_channel_article` VALUES ('60', '20', '1');
INSERT INTO `cms_channel_article` VALUES ('151', '9', '2');
INSERT INTO `cms_channel_article` VALUES ('159', '20', '9');
INSERT INTO `cms_channel_article` VALUES ('162', '10', '12');
INSERT INTO `cms_channel_article` VALUES ('196', '10', '28');
INSERT INTO `cms_channel_article` VALUES ('197', '19', '28');
INSERT INTO `cms_channel_article` VALUES ('201', '26', '21');
INSERT INTO `cms_channel_article` VALUES ('202', '14', '15');
INSERT INTO `cms_channel_article` VALUES ('204', '24', '23');
INSERT INTO `cms_channel_article` VALUES ('206', '27', '13');
INSERT INTO `cms_channel_article` VALUES ('211', '13', '14');
INSERT INTO `cms_channel_article` VALUES ('213', '20', '11');
INSERT INTO `cms_channel_article` VALUES ('218', '19', '6');
INSERT INTO `cms_channel_article` VALUES ('219', '19', '7');
INSERT INTO `cms_channel_article` VALUES ('220', '19', '8');
INSERT INTO `cms_channel_article` VALUES ('224', '18', '4');
INSERT INTO `cms_channel_article` VALUES ('225', '18', '25');
INSERT INTO `cms_channel_article` VALUES ('226', '19', '25');
INSERT INTO `cms_channel_article` VALUES ('227', '20', '25');
INSERT INTO `cms_channel_article` VALUES ('228', '18', '5');
INSERT INTO `cms_channel_article` VALUES ('229', '20', '10');
INSERT INTO `cms_channel_article` VALUES ('230', '15', '22');
INSERT INTO `cms_channel_article` VALUES ('231', '26', '20');
INSERT INTO `cms_channel_article` VALUES ('238', '9', '3');
INSERT INTO `cms_channel_article` VALUES ('248', '22', '24');
INSERT INTO `cms_channel_article` VALUES ('249', '23', '24');
INSERT INTO `cms_channel_article` VALUES ('250', '24', '24');
INSERT INTO `cms_channel_article` VALUES ('258', '12', '29');
INSERT INTO `cms_channel_article` VALUES ('259', '12', '27');
INSERT INTO `cms_channel_article` VALUES ('260', '12', '16');
INSERT INTO `cms_channel_article` VALUES ('261', '28', '18');
INSERT INTO `cms_channel_article` VALUES ('262', '28', '17');
INSERT INTO `cms_channel_article` VALUES ('263', '29', '19');
INSERT INTO `cms_channel_article` VALUES ('271', '12', '31');
INSERT INTO `cms_channel_article` VALUES ('272', '12', '30');
INSERT INTO `cms_channel_article` VALUES ('273', '28', '33');
INSERT INTO `cms_channel_article` VALUES ('274', '28', '32');
INSERT INTO `cms_channel_article` VALUES ('275', '29', '36');
INSERT INTO `cms_channel_article` VALUES ('276', '29', '35');
INSERT INTO `cms_channel_article` VALUES ('277', '29', '34');
INSERT INTO `cms_channel_article` VALUES ('278', '29', '37');
INSERT INTO `cms_channel_article` VALUES ('279', '29', '38');
INSERT INTO `cms_channel_article` VALUES ('281', '29', '39');
INSERT INTO `cms_channel_article` VALUES ('282', '29', '40');
INSERT INTO `cms_channel_article` VALUES ('283', '29', '41');
INSERT INTO `cms_channel_article` VALUES ('284', '29', '42');
INSERT INTO `cms_channel_article` VALUES ('293', '29', '44');
INSERT INTO `cms_channel_article` VALUES ('294', '18', '26');
INSERT INTO `cms_channel_article` VALUES ('295', '19', '26');
INSERT INTO `cms_channel_article` VALUES ('296', '20', '26');
INSERT INTO `cms_channel_article` VALUES ('297', '12', '45');
INSERT INTO `cms_channel_article` VALUES ('298', '29', '43');

-- ----------------------------
-- Table structure for cms_link
-- ----------------------------
DROP TABLE IF EXISTS `cms_link`;
CREATE TABLE `cms_link` (
  `link_pk` int(11) NOT NULL AUTO_INCREMENT,
  `link_title` varchar(255) DEFAULT NULL COMMENT '标题',
  `link_images` varchar(255) DEFAULT NULL COMMENT '图片路径',
  `link_address` varchar(255) DEFAULT '' COMMENT '链接地址',
  `link_remarks` varchar(255) DEFAULT NULL COMMENT '备注',
  PRIMARY KEY (`link_pk`)
) ENGINE=InnoDB DEFAULT CHARSET=utf8;

-- ----------------------------
-- Records of cms_link
-- ----------------------------

-- ----------------------------
-- Table structure for sys_log
-- ----------------------------
DROP TABLE IF EXISTS `sys_log`;
CREATE TABLE `sys_log` (
  `log_pk` varchar(50) NOT NULL COMMENT '主键',
  `log_username` varchar(50) DEFAULT NULL COMMENT '用户名',
  `log_date` varchar(50) DEFAULT NULL COMMENT '日期',
  `log_operation` varchar(50) DEFAULT NULL COMMENT '操作',
  `log_form` varchar(50) DEFAULT NULL COMMENT '单号',
  `log_remark` varchar(50) DEFAULT NULL COMMENT '备注',
  PRIMARY KEY (`log_pk`)
) ENGINE=InnoDB DEFAULT CHARSET=utf8;

-- ----------------------------
-- Records of sys_log
-- ----------------------------
INSERT INTO `sys_log` VALUES ('1', '1', '1', '1', '1', '1');

-- ----------------------------
-- Table structure for sys_menu
-- ----------------------------
DROP TABLE IF EXISTS `sys_menu`;
CREATE TABLE `sys_menu` (
  `menu_pk` int(50) NOT NULL AUTO_INCREMENT COMMENT '主键',
  `menu_name` varchar(50) DEFAULT NULL COMMENT '图标',
  `menu_icon` varchar(50) DEFAULT NULL COMMENT '菜单名称',
  `menu_parent` varchar(50) DEFAULT NULL COMMENT '父菜单',
  `menu_url` varchar(100) DEFAULT NULL COMMENT '页面路径',
  `menu_type` varchar(10) DEFAULT NULL COMMENT '类型',
  `menu_number` int(5) DEFAULT NULL COMMENT '序号，按钮不参加排序',
  `menu_state` int(5) DEFAULT NULL COMMENT '状态',
  PRIMARY KEY (`menu_pk`)
) ENGINE=InnoDB AUTO_INCREMENT=51 DEFAULT CHARSET=utf8 COMMENT='菜单表';

-- ----------------------------
-- Records of sys_menu
-- ----------------------------
INSERT INTO `sys_menu` VALUES ('1', '基本信息', 'fa-cubes', '0', '#', '0', '1', null);
INSERT INTO `sys_menu` VALUES ('2', '系统维护', 'fa-cubes', '0', '#', '0', '1', '0');
INSERT INTO `sys_menu` VALUES ('3', '员工信息', '', '1', 'views/admin/staff/list.jsp', '0', '1', '0');
INSERT INTO `sys_menu` VALUES ('4', '角色管理', '', '1', 'views/admin/role/list.jsp', '0', '1', '0');
INSERT INTO `sys_menu` VALUES ('5', '栏目维护', '', '2', 'views/cms/channel/list.jsp', '0', '1', '0');
INSERT INTO `sys_menu` VALUES ('6', '站点维护', '', '2', 'views/cms/site/list.jsp', '0', '1', '0');
INSERT INTO `sys_menu` VALUES ('11', '添加', 'fa-cubes', '3', 'staff:add', '1', '1', '0');
INSERT INTO `sys_menu` VALUES ('12', '删除', 'fa-cubes', '3', 'staff:delete', '1', '1', '0');
INSERT INTO `sys_menu` VALUES ('14', '网站管理', 'fa-cubes', '0', '#', '0', '1', '0');
INSERT INTO `sys_menu` VALUES ('15', '文档管理', '', '14', 'views/cms/article/list.jsp', '0', '1', '0');
INSERT INTO `sys_menu` VALUES ('16', '菜单管理', '', '1', 'views/admin/menu/list.jsp', '0', '1', '0');
INSERT INTO `sys_menu` VALUES ('17', '注册用户', '', '1', 'views/admin/user/list.jsp', '0', '1', '0');
INSERT INTO `sys_menu` VALUES ('18', '模板维护', '', '2', 'views/cms/templet/list.jsp', '0', '1', '0');
INSERT INTO `sys_menu` VALUES ('19', '链接管理', '', '14', 'views/cms/link/list.jsp', '0', '1', '0');
INSERT INTO `sys_menu` VALUES ('20', '编辑', 'fa-cubes', '3', 'staff:edit', '1', '1', '0');
INSERT INTO `sys_menu` VALUES ('21', '添加', 'fa-cubes', '4', 'role:add', '1', '1', '0');
INSERT INTO `sys_menu` VALUES ('22', '编辑', 'fa-cubes', '4', 'role:edit', '1', '1', '0');
INSERT INTO `sys_menu` VALUES ('23', '授权', 'fa-cubes', '4', 'role:grant', '1', '1', '0');
INSERT INTO `sys_menu` VALUES ('24', '添加', 'fa-cubes', '16', 'menu:add', '1', '1', '0');
INSERT INTO `sys_menu` VALUES ('25', '编辑', 'fa-cubes', '16', 'menu:edit', '1', '1', '0');
INSERT INTO `sys_menu` VALUES ('26', '删除', 'fa-cubes', '16', 'menu:delete', '1', '1', '0');
INSERT INTO `sys_menu` VALUES ('27', '添加', 'fa-cubes', '17', 'user:add', '1', '1', '0');
INSERT INTO `sys_menu` VALUES ('28', '编辑', 'fa-cubes', '17', 'user:edit', '1', '1', '0');
INSERT INTO `sys_menu` VALUES ('29', '删除', 'fa-cubes', '17', 'user:delete', '1', '1', '0');
INSERT INTO `sys_menu` VALUES ('30', '添加', '', '5', 'channel:add', '1', '1', '0');
INSERT INTO `sys_menu` VALUES ('31', '编辑', '', '5', 'channel:edit', '1', '1', '0');
INSERT INTO `sys_menu` VALUES ('32', '删除', '', '5', 'channel:delete', '1', '1', '0');
INSERT INTO `sys_menu` VALUES ('33', '查看', '', '5', 'channel:look', '1', '1', '0');
INSERT INTO `sys_menu` VALUES ('34', '添加', '', '6', 'site:add', '1', '1', '0');
INSERT INTO `sys_menu` VALUES ('35', '编辑', '', '6', 'site:edit', '1', '1', '0');
INSERT INTO `sys_menu` VALUES ('36', '删除', '', '6', 'site:delete', '1', '1', '0');
INSERT INTO `sys_menu` VALUES ('37', '添加', '', '15', 'article:add', '1', '1', '0');
INSERT INTO `sys_menu` VALUES ('38', '编辑', '', '15', 'article:edit', '1', '1', '0');
INSERT INTO `sys_menu` VALUES ('39', '删除', '', '15', 'article:delete', '1', '1', '0');
INSERT INTO `sys_menu` VALUES ('40', '添加', '', '19', 'link:add', '1', '1', '0');
INSERT INTO `sys_menu` VALUES ('41', '编辑', '', '19', 'link:edit', '1', '1', '0');
INSERT INTO `sys_menu` VALUES ('42', '删除', '', '19', 'link:delete', '1', '1', '0');
INSERT INTO `sys_menu` VALUES ('43', '添加', '', '18', 'templet:add', '1', '1', '0');
INSERT INTO `sys_menu` VALUES ('44', '编辑', '', '18', 'templet:edit', '1', '1', '0');
INSERT INTO `sys_menu` VALUES ('45', '删除', '', '18', 'templet:delete', '1', '1', '0');
INSERT INTO `sys_menu` VALUES ('46', '留言管理', '', '14', 'views/cms/msg/list.jsp', '0', '1', '0');
INSERT INTO `sys_menu` VALUES ('47', '删除', null, '46', 'msg:delete', '1', null, '0');
INSERT INTO `sys_menu` VALUES ('48', '查看', null, '46', 'msg:edit', '1', null, '0');
INSERT INTO `sys_menu` VALUES ('49', '微信管理', '', '0', null, '0', '1', '0');
INSERT INTO `sys_menu` VALUES ('50', '菜单管理', '', '49', 'views/weixin/menu/list.jsp', '0', '1', '0');

-- ----------------------------
-- Table structure for sys_role
-- ----------------------------
DROP TABLE IF EXISTS `sys_role`;
CREATE TABLE `sys_role` (
  `role_pk` int(50) NOT NULL AUTO_INCREMENT COMMENT '主键',
  `role_name` varchar(50) DEFAULT NULL COMMENT '角色名称',
  `role_time` varchar(10) DEFAULT NULL COMMENT '状态',
  `role_status` varchar(255) DEFAULT NULL COMMENT '创建时间',
  `role_remark` varchar(255) DEFAULT NULL COMMENT '备注',
  PRIMARY KEY (`role_pk`)
) ENGINE=InnoDB AUTO_INCREMENT=4 DEFAULT CHARSET=utf8 ROW_FORMAT=COMPACT COMMENT='角色表';

-- ----------------------------
-- Records of sys_role
-- ----------------------------
INSERT INTO `sys_role` VALUES ('1', '超级管理员', '2018-01-10', '0', '超级管理员');
INSERT INTO `sys_role` VALUES ('2', '管理员', '2018-01-16', '0', '管理网站');
INSERT INTO `sys_role` VALUES ('3', '发文员', '2018-03-22', '0', '发布网站内容');

-- ----------------------------
-- Table structure for sys_rolesmenu
-- ----------------------------
DROP TABLE IF EXISTS `sys_rolesmenu`;
CREATE TABLE `sys_rolesmenu` (
  `rolesmenu_pk` int(50) NOT NULL AUTO_INCREMENT COMMENT '主键',
  `fk_roles_pk` varchar(50) DEFAULT NULL COMMENT '角色主键',
  `fk_menu_pk` varchar(50) DEFAULT NULL COMMENT '菜单及按钮主键',
  `checked` int(11) DEFAULT NULL,
  PRIMARY KEY (`rolesmenu_pk`)
) ENGINE=InnoDB AUTO_INCREMENT=894 DEFAULT CHARSET=utf8 COMMENT='菜单角色对应关系';

-- ----------------------------
-- Records of sys_rolesmenu
-- ----------------------------
INSERT INTO `sys_rolesmenu` VALUES ('763', '2', '1', '1');
INSERT INTO `sys_rolesmenu` VALUES ('764', '2', '3', '1');
INSERT INTO `sys_rolesmenu` VALUES ('765', '2', '11', '1');
INSERT INTO `sys_rolesmenu` VALUES ('766', '2', '12', '1');
INSERT INTO `sys_rolesmenu` VALUES ('767', '2', '20', '1');
INSERT INTO `sys_rolesmenu` VALUES ('768', '2', '4', '1');
INSERT INTO `sys_rolesmenu` VALUES ('769', '2', '21', '1');
INSERT INTO `sys_rolesmenu` VALUES ('770', '2', '22', '1');
INSERT INTO `sys_rolesmenu` VALUES ('771', '2', '23', '1');
INSERT INTO `sys_rolesmenu` VALUES ('772', '2', '16', '1');
INSERT INTO `sys_rolesmenu` VALUES ('773', '2', '24', '1');
INSERT INTO `sys_rolesmenu` VALUES ('774', '2', '25', '1');
INSERT INTO `sys_rolesmenu` VALUES ('775', '2', '26', '1');
INSERT INTO `sys_rolesmenu` VALUES ('776', '2', '17', '1');
INSERT INTO `sys_rolesmenu` VALUES ('777', '2', '27', '1');
INSERT INTO `sys_rolesmenu` VALUES ('778', '2', '28', '1');
INSERT INTO `sys_rolesmenu` VALUES ('779', '2', '29', '1');
INSERT INTO `sys_rolesmenu` VALUES ('780', '2', '2', '1');
INSERT INTO `sys_rolesmenu` VALUES ('781', '2', '5', '1');
INSERT INTO `sys_rolesmenu` VALUES ('782', '2', '30', '1');
INSERT INTO `sys_rolesmenu` VALUES ('783', '2', '31', '1');
INSERT INTO `sys_rolesmenu` VALUES ('784', '2', '32', '1');
INSERT INTO `sys_rolesmenu` VALUES ('785', '2', '33', '1');
INSERT INTO `sys_rolesmenu` VALUES ('786', '2', '6', '1');
INSERT INTO `sys_rolesmenu` VALUES ('787', '2', '34', '1');
INSERT INTO `sys_rolesmenu` VALUES ('788', '2', '35', '1');
INSERT INTO `sys_rolesmenu` VALUES ('789', '2', '36', '1');
INSERT INTO `sys_rolesmenu` VALUES ('790', '2', '18', '0');
INSERT INTO `sys_rolesmenu` VALUES ('791', '2', '43', '0');
INSERT INTO `sys_rolesmenu` VALUES ('792', '2', '44', '0');
INSERT INTO `sys_rolesmenu` VALUES ('793', '2', '45', '0');
INSERT INTO `sys_rolesmenu` VALUES ('794', '2', '14', '1');
INSERT INTO `sys_rolesmenu` VALUES ('795', '2', '46', '1');
INSERT INTO `sys_rolesmenu` VALUES ('796', '2', '47', '1');
INSERT INTO `sys_rolesmenu` VALUES ('797', '2', '48', '1');
INSERT INTO `sys_rolesmenu` VALUES ('798', '2', '15', '1');
INSERT INTO `sys_rolesmenu` VALUES ('799', '2', '37', '1');
INSERT INTO `sys_rolesmenu` VALUES ('800', '2', '38', '1');
INSERT INTO `sys_rolesmenu` VALUES ('801', '2', '39', '1');
INSERT INTO `sys_rolesmenu` VALUES ('802', '2', '19', '1');
INSERT INTO `sys_rolesmenu` VALUES ('803', '2', '40', '1');
INSERT INTO `sys_rolesmenu` VALUES ('804', '2', '41', '1');
INSERT INTO `sys_rolesmenu` VALUES ('805', '2', '42', '1');
INSERT INTO `sys_rolesmenu` VALUES ('806', '3', '1', '0');
INSERT INTO `sys_rolesmenu` VALUES ('807', '3', '3', '0');
INSERT INTO `sys_rolesmenu` VALUES ('808', '3', '11', '0');
INSERT INTO `sys_rolesmenu` VALUES ('809', '3', '12', '0');
INSERT INTO `sys_rolesmenu` VALUES ('810', '3', '20', '0');
INSERT INTO `sys_rolesmenu` VALUES ('811', '3', '4', '0');
INSERT INTO `sys_rolesmenu` VALUES ('812', '3', '21', '0');
INSERT INTO `sys_rolesmenu` VALUES ('813', '3', '22', '0');
INSERT INTO `sys_rolesmenu` VALUES ('814', '3', '23', '0');
INSERT INTO `sys_rolesmenu` VALUES ('815', '3', '16', '0');
INSERT INTO `sys_rolesmenu` VALUES ('816', '3', '24', '0');
INSERT INTO `sys_rolesmenu` VALUES ('817', '3', '25', '0');
INSERT INTO `sys_rolesmenu` VALUES ('818', '3', '26', '0');
INSERT INTO `sys_rolesmenu` VALUES ('819', '3', '17', '0');
INSERT INTO `sys_rolesmenu` VALUES ('820', '3', '27', '0');
INSERT INTO `sys_rolesmenu` VALUES ('821', '3', '28', '0');
INSERT INTO `sys_rolesmenu` VALUES ('822', '3', '29', '0');
INSERT INTO `sys_rolesmenu` VALUES ('823', '3', '2', '0');
INSERT INTO `sys_rolesmenu` VALUES ('824', '3', '5', '0');
INSERT INTO `sys_rolesmenu` VALUES ('825', '3', '30', '0');
INSERT INTO `sys_rolesmenu` VALUES ('826', '3', '31', '0');
INSERT INTO `sys_rolesmenu` VALUES ('827', '3', '32', '0');
INSERT INTO `sys_rolesmenu` VALUES ('828', '3', '33', '0');
INSERT INTO `sys_rolesmenu` VALUES ('829', '3', '6', '0');
INSERT INTO `sys_rolesmenu` VALUES ('830', '3', '34', '0');
INSERT INTO `sys_rolesmenu` VALUES ('831', '3', '35', '0');
INSERT INTO `sys_rolesmenu` VALUES ('832', '3', '36', '0');
INSERT INTO `sys_rolesmenu` VALUES ('833', '3', '18', '0');
INSERT INTO `sys_rolesmenu` VALUES ('834', '3', '43', '0');
INSERT INTO `sys_rolesmenu` VALUES ('835', '3', '44', '0');
INSERT INTO `sys_rolesmenu` VALUES ('836', '3', '45', '0');
INSERT INTO `sys_rolesmenu` VALUES ('837', '3', '14', '1');
INSERT INTO `sys_rolesmenu` VALUES ('838', '3', '46', '1');
INSERT INTO `sys_rolesmenu` VALUES ('839', '3', '47', '1');
INSERT INTO `sys_rolesmenu` VALUES ('840', '3', '48', '1');
INSERT INTO `sys_rolesmenu` VALUES ('841', '3', '15', '1');
INSERT INTO `sys_rolesmenu` VALUES ('842', '3', '37', '1');
INSERT INTO `sys_rolesmenu` VALUES ('843', '3', '38', '1');
INSERT INTO `sys_rolesmenu` VALUES ('844', '3', '39', '1');
INSERT INTO `sys_rolesmenu` VALUES ('845', '3', '19', '1');
INSERT INTO `sys_rolesmenu` VALUES ('846', '3', '40', '1');
INSERT INTO `sys_rolesmenu` VALUES ('847', '3', '41', '1');
INSERT INTO `sys_rolesmenu` VALUES ('848', '3', '42', '1');
INSERT INTO `sys_rolesmenu` VALUES ('849', '1', '49', '1');
INSERT INTO `sys_rolesmenu` VALUES ('850', '1', '50', '1');
INSERT INTO `sys_rolesmenu` VALUES ('851', '1', '1', '1');
INSERT INTO `sys_rolesmenu` VALUES ('852', '1', '3', '1');
INSERT INTO `sys_rolesmenu` VALUES ('853', '1', '11', '1');
INSERT INTO `sys_rolesmenu` VALUES ('854', '1', '12', '1');
INSERT INTO `sys_rolesmenu` VALUES ('855', '1', '20', '1');
INSERT INTO `sys_rolesmenu` VALUES ('856', '1', '4', '1');
INSERT INTO `sys_rolesmenu` VALUES ('857', '1', '21', '1');
INSERT INTO `sys_rolesmenu` VALUES ('858', '1', '22', '1');
INSERT INTO `sys_rolesmenu` VALUES ('859', '1', '23', '1');
INSERT INTO `sys_rolesmenu` VALUES ('860', '1', '16', '1');
INSERT INTO `sys_rolesmenu` VALUES ('861', '1', '24', '1');
INSERT INTO `sys_rolesmenu` VALUES ('862', '1', '25', '1');
INSERT INTO `sys_rolesmenu` VALUES ('863', '1', '26', '1');
INSERT INTO `sys_rolesmenu` VALUES ('864', '1', '17', '1');
INSERT INTO `sys_rolesmenu` VALUES ('865', '1', '27', '1');
INSERT INTO `sys_rolesmenu` VALUES ('866', '1', '28', '1');
INSERT INTO `sys_rolesmenu` VALUES ('867', '1', '29', '1');
INSERT INTO `sys_rolesmenu` VALUES ('868', '1', '2', '1');
INSERT INTO `sys_rolesmenu` VALUES ('869', '1', '5', '1');
INSERT INTO `sys_rolesmenu` VALUES ('870', '1', '30', '1');
INSERT INTO `sys_rolesmenu` VALUES ('871', '1', '31', '1');
INSERT INTO `sys_rolesmenu` VALUES ('872', '1', '32', '1');
INSERT INTO `sys_rolesmenu` VALUES ('873', '1', '33', '1');
INSERT INTO `sys_rolesmenu` VALUES ('874', '1', '6', '1');
INSERT INTO `sys_rolesmenu` VALUES ('875', '1', '34', '1');
INSERT INTO `sys_rolesmenu` VALUES ('876', '1', '35', '1');
INSERT INTO `sys_rolesmenu` VALUES ('877', '1', '36', '1');
INSERT INTO `sys_rolesmenu` VALUES ('878', '1', '18', '1');
INSERT INTO `sys_rolesmenu` VALUES ('879', '1', '43', '1');
INSERT INTO `sys_rolesmenu` VALUES ('880', '1', '44', '1');
INSERT INTO `sys_rolesmenu` VALUES ('881', '1', '45', '1');
INSERT INTO `sys_rolesmenu` VALUES ('882', '1', '14', '1');
INSERT INTO `sys_rolesmenu` VALUES ('883', '1', '46', '1');
INSERT INTO `sys_rolesmenu` VALUES ('884', '1', '47', '1');
INSERT INTO `sys_rolesmenu` VALUES ('885', '1', '48', '1');
INSERT INTO `sys_rolesmenu` VALUES ('886', '1', '15', '1');
INSERT INTO `sys_rolesmenu` VALUES ('887', '1', '37', '1');
INSERT INTO `sys_rolesmenu` VALUES ('888', '1', '38', '1');
INSERT INTO `sys_rolesmenu` VALUES ('889', '1', '39', '1');
INSERT INTO `sys_rolesmenu` VALUES ('890', '1', '19', '1');
INSERT INTO `sys_rolesmenu` VALUES ('891', '1', '40', '1');
INSERT INTO `sys_rolesmenu` VALUES ('892', '1', '41', '1');
INSERT INTO `sys_rolesmenu` VALUES ('893', '1', '42', '1');

-- ----------------------------
-- Table structure for sys_site
-- ----------------------------
DROP TABLE IF EXISTS `sys_site`;
CREATE TABLE `sys_site` (
  `site_pk` int(11) NOT NULL AUTO_INCREMENT COMMENT '主键',
  `site_name` varchar(255) DEFAULT NULL COMMENT '名称',
  `site_domain` varchar(255) DEFAULT NULL COMMENT '域名或ip',
  `site_static` varchar(255) DEFAULT NULL COMMENT '静态页路径',
  `site_template` varchar(255) DEFAULT NULL COMMENT '模板也路径',
  `site_time` varchar(255) DEFAULT NULL COMMENT '录入时间',
  `site_remarks` varchar(255) DEFAULT NULL COMMENT '备注',
  `site_state` varchar(255) DEFAULT NULL COMMENT '状态',
  PRIMARY KEY (`site_pk`)
) ENGINE=InnoDB AUTO_INCREMENT=2 DEFAULT CHARSET=utf8;

-- ----------------------------
-- Records of sys_site
-- ----------------------------
INSERT INTO `sys_site` VALUES ('1', '青海金泉青稞酒', 'http://47.104.139.43:80', '/html/qkj/', '/templet/qkj/', '2018-03-15', '网站基本信息配置', '0');

-- ----------------------------
-- Table structure for sys_staff
-- ----------------------------
DROP TABLE IF EXISTS `sys_staff`;
CREATE TABLE `sys_staff` (
  `staff_pk` int(50) NOT NULL AUTO_INCREMENT COMMENT '主键',
  `staff_loginname` varchar(50) DEFAULT NULL COMMENT '登录账号',
  `staff_name` varchar(50) DEFAULT NULL COMMENT '员工姓名',
  `staff_password` varchar(50) DEFAULT NULL COMMENT '密码',
  `fk_roles_pk` varchar(50) DEFAULT NULL COMMENT '职位',
  `staff_sex` varchar(50) DEFAULT NULL COMMENT '性别',
  `staff_birthday` varchar(50) DEFAULT NULL COMMENT '生日',
  `staff_status` varchar(10) DEFAULT NULL COMMENT '状态',
  `staff_phone` varchar(50) DEFAULT NULL COMMENT '电话',
  `staff_email` varchar(50) DEFAULT NULL COMMENT '邮箱',
  `staff_intime` varchar(50) DEFAULT NULL COMMENT '入职日期',
  PRIMARY KEY (`staff_pk`)
) ENGINE=InnoDB AUTO_INCREMENT=16 DEFAULT CHARSET=utf8;

-- ----------------------------
-- Records of sys_staff
-- ----------------------------
INSERT INTO `sys_staff` VALUES ('13', 'fw', '发文', '7bbe9508b1db0cc06a5377c527762474', '3', '0', '2018-03-22', '0', null, null, '2018-03-22');
INSERT INTO `sys_staff` VALUES ('15', 'admin', 'admin', 'c3284d0f94606de1fd2af172aba15bf3', '1', '1', null, '0', null, null, '2018-05-28');

-- ----------------------------
-- Table structure for t_msg
-- ----------------------------
DROP TABLE IF EXISTS `t_msg`;
CREATE TABLE `t_msg` (
  `msg_pk` int(11) NOT NULL AUTO_INCREMENT COMMENT '主键',
  `msg_user` varchar(1000) CHARACTER SET utf8 DEFAULT NULL COMMENT '用户名',
  `msg_phone` varchar(1000) CHARACTER SET utf8 DEFAULT NULL COMMENT '电话',
  `msg_address` varchar(2000) CHARACTER SET utf8 DEFAULT NULL COMMENT '地址',
  `msg_title` varchar(2000) CHARACTER SET utf8 DEFAULT NULL COMMENT '标题',
  `msg_content` text CHARACTER SET utf8 COMMENT '内容',
  PRIMARY KEY (`msg_pk`)
) ENGINE=InnoDB AUTO_INCREMENT=21 DEFAULT CHARSET=latin1;

-- ----------------------------
-- Records of t_msg
-- ----------------------------
INSERT INTO `t_msg` VALUES ('20', '网站留言', '13897483797', '西宁', '网站留言', '网站留言，内容');

-- ----------------------------
-- Table structure for t_user
-- ----------------------------
DROP TABLE IF EXISTS `t_user`;
CREATE TABLE `t_user` (
  `user_pk` int(255) NOT NULL AUTO_INCREMENT,
  `user_loginname` varchar(255) DEFAULT NULL,
  `user_birthday` varchar(255) DEFAULT NULL,
  `user_email` varchar(255) DEFAULT NULL,
  `user_intime` varchar(255) DEFAULT NULL,
  `user_name` varchar(255) DEFAULT NULL,
  `user_idcard` varchar(255) DEFAULT NULL COMMENT '状态',
  `user_password` varchar(255) DEFAULT NULL,
  `user_phone` varchar(255) DEFAULT NULL,
  `user_sex` varchar(255) DEFAULT NULL,
  PRIMARY KEY (`user_pk`)
) ENGINE=InnoDB AUTO_INCREMENT=2 DEFAULT CHARSET=utf8 COMMENT='系统用户表';

-- ----------------------------
-- Records of t_user
-- ----------------------------
INSERT INTO `t_user` VALUES ('1', 'myd', '2018-01-10', 'mayude@live.cn', '2018-01-10', 'myd', '111', 'myd', '13381086775', '1');

-- ----------------------------
-- View structure for v_staff_roles
-- ----------------------------
DROP VIEW IF EXISTS `v_staff_roles`;
CREATE ALGORITHM=UNDEFINED DEFINER=`root`@`localhost` SQL SECURITY DEFINER  VIEW `v_staff_roles` AS select `s`.`staff_pk` AS `staff_pk`,`s`.`staff_loginname` AS `staff_loginname`,`s`.`staff_name` AS `staff_name`,`s`.`staff_password` AS `staff_password`,`s`.`fk_roles_pk` AS `fk_roles_pk`,`s`.`staff_sex` AS `staff_sex`,`s`.`staff_birthday` AS `staff_birthday`,`s`.`staff_status` AS `staff_status`,`s`.`staff_phone` AS `staff_phone`,`s`.`staff_email` AS `staff_email`,`s`.`staff_intime` AS `staff_intime`,`r`.`role_name` AS `role_name` from (`sys_staff` `s` left join `sys_role` `r` on((`s`.`fk_roles_pk` = `r`.`role_pk`))) ; ;
